id,season_year,week,home_team_id,away_team_id,game_time,home_score,away_score,is_final,created_at,updated_at,espn_event_id,sports_data_game_id,game_status,last_updated
0086dcfa-9477-4f30-be0c-4e005b62d016,2025,17,4,22,2025-12-27 00:00:00+00,,,false,2025-08-31 14:31:50.959626+00,2025-08-31 14:31:50.959626+00,,19290,,2025-09-04 23:52:19.03515+00
00ba760a-b458-4179-afa4-5fe093495fe7,2025,7,3,18,2025-10-19 17:00:00+00,26,14,true,2025-08-31 14:31:29.870795+00,2025-08-31 14:31:29.870795+00,401772861,19158,Final,2025-10-19 20:05:42.575+00
01f668f3-0029-432d-9449-6207fc37f240,2025,13,8,28,2025-11-30 18:00:00+00,,,false,2025-10-19 15:55:14.221206+00,2025-10-19 15:55:14.221206+00,401772785,,,2025-10-19 15:55:14.221206+00
02ef4ef1-ef82-4186-b5ee-3ba0848527a7,2025,15,18,29,2025-12-14 16:25:00+00,,,false,2025-08-31 14:31:47.524662+00,2025-08-31 14:31:47.524662+00,,19263,,2025-09-04 23:52:19.03515+00
030c90f0-14f9-4d9f-8d7a-1949dfecfdb9,2025,3,28,13,2025-09-21 17:00:00+00,41,24,true,2025-10-19 16:23:52.972799+00,2025-10-19 16:23:52.972799+00,401772841,,,2025-10-19 16:23:52.972799+00
031d2282-b4ed-43a6-948b-b868237925cf,2025,18,18,1,2026-01-04 05:00:00+00,,,false,2025-10-19 15:55:27.906629+00,2025-10-19 15:55:27.906629+00,401772955,,,2025-10-19 15:55:27.906629+00
03a9f6f9-6110-448c-89c4-6490ca3eed86,2025,12,23,2,2025-11-23 21:25:00+00,,,false,2025-10-19 15:55:12.449737+00,2025-10-19 15:55:12.449737+00,401772889,,,2025-10-19 15:55:12.449737+00
03be7add-9fcd-4f47-83b9-5e48d96ff4d6,2025,10,7,13,2025-11-06 20:15:00+00,,,false,2025-08-31 14:31:35.384627+00,2025-08-31 14:31:35.384627+00,,19184,,2025-09-04 23:52:19.03515+00
0497e75f-1302-4ff4-a186-1b8b7a2bbbb5,2025,11,7,12,2025-11-16 16:25:00+00,,,false,2025-08-31 14:31:39.332031+00,2025-08-31 14:31:39.332031+00,,19207,,2025-09-04 23:52:19.03515+00
04a085b3-ad47-4b03-b72a-18725721ed63,2025,6,12,8,2025-10-13 00:20:00+00,30,17,true,2025-08-31 14:31:29.304153+00,2025-08-31 14:31:29.304153+00,401772923,19154,Final,2025-10-14 03:53:20.395+00
04cf6b9a-c75b-4ff2-a149-71cb7a26c3ca,2025,9,23,11,2025-11-02 13:00:00+00,,,false,2025-08-31 14:31:34.59462+00,2025-08-31 14:31:34.59462+00,,19076,,2025-09-04 23:52:19.03515+00
05f64d83-bb60-4c45-bc21-53fa760ff1ca,2025,13,23,2,2025-11-30 16:25:00+00,,,false,2025-08-31 14:31:43.670154+00,2025-08-31 14:31:43.670154+00,,19235,,2025-09-04 23:52:19.03515+00
06eefc42-9a9d-4a55-8a37-156dd26ab073,2025,18,23,33,2026-01-04 00:00:00+00,,,false,2025-08-31 14:31:54.249688+00,2025-08-31 14:31:54.249688+00,,19306,,2025-09-04 23:52:19.03515+00
07dfff0f-95a4-4a7e-893c-36e6cca5c2e4,2025,15,26,11,2025-12-14 16:25:00+00,,,false,2025-08-31 14:31:47.645482+00,2025-08-31 14:31:47.645482+00,,19264,,2025-09-04 23:52:19.03515+00
0855a3a8-d51c-4d30-a885-9a51cddb329f,2025,8,23,9,2025-10-26 20:20:00+00,,,false,2025-08-31 14:31:33.429404+00,2025-08-31 14:31:33.429404+00,,19182,,2025-09-04 23:52:19.03515+00
08c17292-9a8c-4e64-98ad-aad2cad6b856,2025,8,5,4,2025-10-26 17:00:00+00,,,false,2025-10-19 15:55:02.187364+00,2025-10-19 15:55:02.187364+00,401772865,,,2025-10-19 15:55:02.187364+00
08d12bc0-0be0-47e6-8b7b-e20113283e7c,2025,2,16,1,2025-09-15 00:20:00+00,6,22,true,2025-08-31 14:31:20.001446+00,2025-08-31 14:31:20.001446+00,401772919,19096,Final,2025-09-15 04:18:33.83+00
09d88801-c185-49cc-b5be-dfe6e9ea7163,2025,11,10,16,2025-11-16 21:25:00+00,,,false,2025-10-19 15:55:10.121577+00,2025-10-19 15:55:10.121577+00,401772778,,,2025-10-19 15:55:10.121577+00
0a065894-1eea-4fee-85c8-6fbed2041370,2025,16,29,27,2025-12-21 13:00:00+00,,,false,2025-08-31 14:31:48.572202+00,2025-08-31 14:31:48.572202+00,,19270,,2025-09-04 23:52:19.03515+00
0a9f5c22-0084-46d4-88df-a2a99605a373,2025,14,16,13,2025-12-08 01:20:00+00,,,false,2025-10-19 15:55:18.273717+00,2025-10-19 15:55:18.273717+00,401772932,,,2025-10-19 15:55:18.273717+00
0ae0cc04-1b65-47d5-8ac2-d45aa22713de,2025,13,25,2,2025-11-30 18:00:00+00,,,false,2025-10-19 15:55:14.745995+00,2025-10-19 15:55:14.745995+00,401772893,,,2025-10-19 15:55:14.745995+00
0b987688-b56f-48d7-8931-5dab34902eec,2025,8,14,20,2025-10-28 00:15:00+00,,,false,2025-10-19 16:04:59.319101+00,2025-10-19 16:04:59.319101+00,401772817,,,2025-10-19 16:04:59.319101+00
0c6ed86c-f35b-44ca-94ab-c4a2e29ac50c,2025,9,9,29,2025-11-02 13:00:00+00,,,false,2025-08-31 14:31:34.037871+00,2025-08-31 14:31:34.037871+00,,19072,,2025-09-04 23:52:19.03515+00
0e8522ca-8818-4a0d-8af4-2098a4a8a02a,2025,18,11,12,2026-01-04 05:00:00+00,,,false,2025-10-19 16:05:08.510211+00,2025-10-19 16:05:08.510211+00,401772970,,,2025-10-19 16:05:08.510211+00
0f02a992-155e-42a1-bb1f-a775b7082c10,2025,14,33,23,2025-12-07 13:00:00+00,,,false,2025-08-31 14:31:44.279265+00,2025-08-31 14:31:44.279265+00,,19240,,2025-09-04 23:52:19.03515+00
0f0af897-618b-48c4-9f5a-f5ccf02d963b,2025,2,33,5,2025-09-14 17:00:00+00,41,17,true,2025-08-31 14:31:17.719728+00,2025-08-31 14:31:17.719728+00,401772726,19084,Final,2025-09-14 22:38:20.659+00
0f609bf9-bc70-4a2f-9555-ec896b2e36da,2025,4,7,4,2025-09-30 00:15:00+00,28,3,true,2025-08-31 14:31:25.331959+00,2025-08-31 14:31:25.331959+00,401772716,19129,,2025-09-04 23:52:19.03515+00
0f713385-a2d4-4257-aaa9-166cc2f52700,2025,14,24,21,2025-12-08 20:15:00+00,,,false,2025-08-31 14:31:45.640638+00,2025-08-31 14:31:45.640638+00,,19251,,2025-09-04 23:52:19.03515+00
0feacd03-6653-4802-b1dc-82a1c60b13be,2025,18,21,12,2026-01-04 05:00:00+00,,,false,2025-10-19 15:55:28.032778+00,2025-10-19 15:55:28.032778+00,401772968,,,2025-10-19 15:55:28.032778+00
0ff36064-f33f-406e-a3fa-a3fdad6c2e56,2025,14,25,20,2025-12-07 18:00:00+00,,,false,2025-10-19 15:55:17.374371+00,2025-10-19 15:55:17.374371+00,401772790,,,2025-10-19 15:55:17.374371+00
106cc5a1-e3fd-47cb-96f1-550d8b8ed75e,2025,9,4,3,2025-11-02 13:00:00+00,,,false,2025-08-31 14:31:33.744564+00,2025-08-31 14:31:33.744564+00,,19070,,2025-09-04 23:52:19.03515+00
121d6f13-135b-435a-9641-c1ebd9c516ec,2025,12,4,17,2025-11-23 13:00:00+00,,,false,2025-08-31 14:31:40.234559+00,2025-08-31 14:31:40.234559+00,,19213,,2025-09-04 23:52:19.03515+00
1330edca-5209-4f85-986c-56bddb44901b,2025,1,17,13,2025-09-07 17:00:00+00,13,20,true,2025-08-31 14:31:16.559488+00,2025-08-31 14:31:16.559488+00,401772720,19059,Final,2025-09-08 01:08:25.937+00
13ba6afd-4027-44d4-aa64-9112344f8b75,2025,6,18,17,2025-10-12 17:00:00+00,19,25,true,2025-08-31 14:31:29.156588+00,2025-08-31 14:31:29.156588+00,401772751,19153,Final,2025-10-14 03:53:19.306+00
156011d3-1180-4c7c-8d2b-ab1d5d9ab8c8,2025,10,25,14,2025-11-09 16:25:00+00,,,false,2025-08-31 14:31:37.248541+00,2025-08-31 14:31:37.248541+00,,19193,,2025-09-04 23:52:19.03515+00
157d1ede-3162-4962-8d0e-25a03eb7bae4,2025,2,15,17,2025-09-14 17:00:00+00,27,33,true,2025-08-31 14:31:18.276067+00,2025-08-31 14:31:18.276067+00,401772728,19088,Final,2025-09-14 22:38:19.285+00
15edd29e-da98-4127-9125-994642f79408,2025,7,20,29,2025-10-19 17:00:00+00,6,13,true,2025-08-31 14:31:30.559999+00,2025-08-31 14:31:30.559999+00,401772860,19162,Final,2025-10-19 20:09:54.873+00
160ab767-eaa8-4741-99fb-118d8017d11a,2025,11,18,29,2025-11-16 21:05:00+00,,,false,2025-10-19 15:55:09.729559+00,2025-10-19 15:55:09.729559+00,401772884,,,2025-10-19 15:55:09.729559+00
163567ef-4587-4265-8ae4-ed2b89ab06b7,2025,17,5,23,2025-12-28 13:00:00+00,,,false,2025-08-31 14:31:51.493136+00,2025-08-31 14:31:51.493136+00,,19282,,2025-09-04 23:52:19.03515+00
166366ce-a886-4c65-8588-04746054e65e,2025,11,13,6,2025-11-17 20:15:00+00,,,false,2025-08-31 14:31:39.612499+00,2025-08-31 14:31:39.612499+00,,19209,,2025-09-04 23:52:19.03515+00
1756f2fe-6e9d-412f-a976-0a4c711e20d0,2025,17,5,29,2025-12-27 05:00:00+00,,,false,2025-10-19 15:55:25.495218+00,2025-10-19 15:55:25.495218+00,401772952,,,2025-10-19 15:55:25.495218+00
1765bfe8-1aa2-44cc-9350-b85834a8f740,2025,13,27,4,2025-11-30 21:25:00+00,,,false,2025-10-19 15:55:15.226078+00,2025-10-19 15:55:15.226078+00,401772789,,,2025-10-19 15:55:15.226078+00
17783e78-d858-4d1a-8431-089af82618c0,2025,16,19,16,2025-12-21 13:00:00+00,,,false,2025-08-31 14:31:49.081321+00,2025-08-31 14:31:49.081321+00,,19274,,2025-09-04 23:52:19.03515+00
192dc9b4-c402-4d60-86de-d1f613756e3f,2025,4,27,21,2025-09-28 17:00:00+00,25,31,true,2025-08-31 14:31:23.923787+00,2025-08-31 14:31:23.923787+00,401772845,19122,Final,2025-09-28 20:41:33.751+00
1a0dae2d-a8b9-40cb-9240-3fd5c093e757,2025,13,26,6,2025-11-28 20:00:00+00,,,false,2025-10-19 15:55:13.806613+00,2025-10-19 15:55:13.806613+00,401772621,,,2025-10-19 15:55:13.806613+00
1ab76ea6-3007-4faf-b3a4-e9f2d6c175e5,2025,3,2,15,2025-09-19 00:15:00+00,31,21,true,2025-08-31 14:31:20.417456+00,2025-08-31 14:31:20.417456+00,401772937,19099,Final,2025-09-21 20:29:26.512+00
1ae46ed7-0b30-4f2d-a24c-d1651c0451c8,2025,11,17,20,2025-11-13 20:15:00+00,,,false,2025-08-31 14:31:37.779891+00,2025-08-31 14:31:37.779891+00,,19196,,2025-09-04 23:52:19.03515+00
1b2efd0e-5a8f-4479-befe-2b6570a9ebe8,2025,15,22,4,2025-12-14 18:00:00+00,,,false,2025-10-19 15:55:19.75319+00,2025-10-19 15:55:19.75319+00,401772795,,,2025-10-19 15:55:19.75319+00
1b507083-852d-43a5-a48b-e39dd9d6d997,2025,11,23,4,2025-11-16 13:00:00+00,,,false,2025-08-31 14:31:38.661624+00,2025-08-31 14:31:38.661624+00,,19202,,2025-09-04 23:52:19.03515+00
1ceeb9ac-5d96-4c65-8af8-d65cd240e147,2025,3,19,12,2025-09-22 00:20:00+00,9,22,true,2025-08-31 14:31:22.235078+00,2025-08-31 14:31:22.235078+00,401772920,19113,,2025-09-04 23:52:19.03515+00
1d3e193b-58dd-460e-a7b4-c7b5183c8127,2025,4,13,3,2025-09-28 20:25:00+00,24,25,true,2025-08-31 14:31:24.491109+00,2025-08-31 14:31:24.491109+00,401772742,19126,Halftime,2025-09-28 21:52:23.94+00
1e1c49c3-362e-46ce-b9c4-f07ff96cbed4,2025,17,12,3,2025-12-27 05:00:00+00,,,false,2025-10-19 15:55:25.081132+00,2025-10-19 15:55:25.081132+00,401772953,,,2025-10-19 15:55:25.081132+00
1e7a4a54-1b08-46b4-8bff-d5cbe0a72ec6,2025,16,8,4,2025-12-21 18:00:00+00,,,false,2025-10-19 15:55:22.370858+00,2025-10-19 15:55:22.370858+00,401772802,,,2025-10-19 15:55:22.370858+00
1f8ba7c7-5c96-4621-a479-7a50779fc55a,2025,17,20,30,2025-12-28 18:00:00+00,,,false,2025-10-19 15:55:25.982211+00,2025-10-19 15:55:25.982211+00,401772916,,,2025-10-19 15:55:25.982211+00
1f970898-dc6f-429e-94fd-8d5064849aed,2025,12,10,26,2025-11-23 13:00:00+00,,,false,2025-08-31 14:31:40.917471+00,2025-08-31 14:31:40.917471+00,,19217,,2025-09-04 23:52:19.03515+00
1f9fcd3b-64a7-4e0a-bd0e-da289d74faf7,2025,10,9,21,2025-11-10 20:15:00+00,,,false,2025-08-31 14:31:37.644455+00,2025-08-31 14:31:37.644455+00,,19044,,2025-09-04 23:52:19.03515+00
1fc800a2-481d-41f8-9b87-3354a41951e1,2025,17,7,1,2025-12-27 05:00:00+00,,,false,2025-10-19 15:55:24.963374+00,2025-10-19 15:55:24.963374+00,401772954,,,2025-10-19 15:55:24.963374+00
200062ed-560b-4aca-a0e0-745700789431,2025,10,6,24,2025-11-09 18:00:00+00,,,false,2025-10-19 15:55:06.508282+00,2025-10-19 15:55:06.508282+00,401772875,,,2025-10-19 15:55:06.508282+00
20522bdb-62a6-4d98-b0d3-650b7592894f,2025,5,14,25,2025-10-03 00:15:00+00,23,26,true,2025-08-31 14:31:25.472187+00,2025-08-31 14:31:25.472187+00,401772939,19130,Final,2025-10-05 21:40:01.747+00
20b1f24d-eea7-49b9-9a6f-ab64dd3da9e9,2025,9,11,21,2025-11-02 18:00:00+00,,,false,2025-10-19 15:55:04.007911+00,2025-10-19 15:55:04.007911+00,401772871,,,2025-10-19 15:55:04.007911+00
20fe38a9-ec19-43de-ba41-0aa0c36141fc,2025,5,5,16,2025-10-05 13:30:00+00,17,21,true,2025-08-31 14:31:25.605854+00,2025-08-31 14:31:25.605854+00,401772633,19045,Final,2025-10-05 21:39:59.163+00
2153c721-97bb-4c02-82b5-adc6e222dece,2025,10,26,22,2025-11-09 16:05:00+00,,,false,2025-08-31 14:31:37.018335+00,2025-08-31 14:31:37.018335+00,,19192,,2025-09-04 23:52:19.03515+00
216d51ab-39e4-43af-8220-03b9b70a841f,2025,16,3,22,2025-12-21 18:00:00+00,,,false,2025-10-19 15:55:23.126647+00,2025-10-19 15:55:23.126647+00,401772804,,,2025-10-19 15:55:23.126647+00
2297c1ed-513b-4c6e-b62e-1c1bebef36a3,2025,2,10,14,2025-09-14 17:00:00+00,19,33,true,2025-08-31 14:31:19.163766+00,2025-08-31 14:31:19.163766+00,401772724,19092,Final,2025-09-14 22:38:18.944+00
23464912-1d45-453d-b997-9edc48b2e9b3,2025,15,27,1,2025-12-11 20:15:00+00,,,false,2025-08-31 14:31:45.784577+00,2025-08-31 14:31:45.784577+00,,19252,,2025-09-04 23:52:19.03515+00
24280215-320a-43af-8962-54cb6c1f0c55,2025,2,23,26,2025-09-14 17:00:00+00,17,31,true,2025-08-31 14:31:18.916056+00,2025-08-31 14:31:18.916056+00,401772836,19091,Final,2025-09-14 22:38:20.462+00
2442d2be-6737-46c5-99f0-5a469e853867,2025,12,13,4,2025-11-21 01:15:00+00,,,false,2025-10-19 15:55:11.121442+00,2025-10-19 15:55:11.121442+00,401772946,,,2025-10-19 15:55:11.121442+00
246fe3e0-6684-477a-aaff-08f123042774,2025,11,10,34,2025-11-16 13:00:00+00,,,false,2025-08-31 14:31:38.784647+00,2025-08-31 14:31:38.784647+00,,19203,,2025-09-04 23:52:19.03515+00
249bbe6d-e3df-4720-897d-0571dd1d3e9c,2025,14,19,10,2025-12-07 21:05:00+00,,,false,2025-10-19 15:55:17.886023+00,2025-10-19 15:55:17.886023+00,401772794,,,2025-10-19 15:55:17.886023+00
252badb4-41f9-4599-8501-fda42928a884,2025,16,29,18,2025-12-19 01:15:00+00,,,false,2025-10-19 15:55:21.95782+00,2025-10-19 15:55:21.95782+00,401772949,,,2025-10-19 15:55:21.95782+00
263bcad6-272f-4881-b508-747039771a0d,2025,17,25,3,2025-12-28 20:20:00+00,,,false,2025-08-31 14:31:52.374798+00,2025-08-31 14:31:52.374798+00,,19288,,2025-09-04 23:52:19.03515+00
26410c0f-d3fe-4acc-b33c-0489d3f11718,2025,6,29,6,2025-10-12 17:00:00+00,30,27,true,2025-08-31 14:31:27.893769+00,2025-08-31 14:31:27.893769+00,401772858,19145,Final,2025-10-14 03:53:19.575+00
26836389-ad3c-4572-bcd9-fe087e0eb396,2025,14,4,7,2025-12-07 21:25:00+00,,,false,2025-10-19 15:55:18.018954+00,2025-10-19 15:55:18.018954+00,401772902,,,2025-10-19 15:55:18.018954+00
276bc3a9-0b41-4f0c-b80a-4436578b3487,2025,18,27,3,2026-01-04 05:00:00+00,,,false,2025-10-19 15:55:28.512862+00,2025-10-19 15:55:28.512862+00,401772960,,,2025-10-19 15:55:28.512862+00
27ed2de0-6315-4e22-a6ee-225468feda9e,2025,11,2,5,2025-11-16 18:00:00+00,,,false,2025-10-19 15:55:08.865465+00,2025-10-19 15:55:08.865465+00,401772882,,,2025-10-19 15:55:08.865465+00
2a5513b4-616c-4c05-97f1-04058e8796d8,2025,12,8,19,2025-11-23 13:00:00+00,,,false,2025-08-31 14:31:40.39513+00,2025-08-31 14:31:40.39513+00,,19214,,2025-09-04 23:52:19.03515+00
2b031b5e-1653-461f-9e7e-0c6c71327355,2025,17,24,34,2025-12-27 00:00:00+00,,,false,2025-08-31 14:31:51.203859+00,2025-08-31 14:31:51.203859+00,,19293,,2025-09-04 23:52:19.03515+00
2d33ec85-1524-4903-83ae-2d05b1bc52db,2025,10,16,33,2025-11-09 13:00:00+00,,,false,2025-08-31 14:31:36.341489+00,2025-08-31 14:31:36.341489+00,,19189,,2025-09-04 23:52:19.03515+00
2d3b7eb4-60bd-45b8-9277-8592fec317d3,2025,14,15,14,2025-12-07 18:00:00+00,,,false,2025-10-19 15:55:17.6248+00,2025-10-19 15:55:17.6248+00,401772793,,,2025-10-19 15:55:17.6248+00
2de8ee6b-b743-4563-bf03-f682b4f56e2f,2025,17,10,18,2025-12-28 13:00:00+00,,,false,2025-08-31 14:31:52.061206+00,2025-08-31 14:31:52.061206+00,,19286,,2025-09-04 23:52:19.03515+00
2eabea51-a36e-48ab-8ce0-486e2ebf321c,2025,18,17,15,2026-01-04 00:00:00+00,,,false,2025-08-31 14:31:53.981298+00,2025-08-31 14:31:53.981298+00,,19303,,2025-09-04 23:52:19.03515+00
2f15f276-1fb4-49e0-b34e-413ce21b961e,2025,15,18,11,2025-12-14 21:25:00+00,,,false,2025-10-19 15:55:20.556476+00,2025-10-19 15:55:20.556476+00,401772909,,,2025-10-19 15:55:20.556476+00
2f49476c-90b7-4ebe-8e20-d67cc2d6170f,2025,12,3,23,2025-11-23 13:00:00+00,,,false,2025-08-31 14:31:40.042955+00,2025-08-31 14:31:40.042955+00,,19212,,2025-09-04 23:52:19.03515+00
2fb6ff4e-1e3a-480f-a174-7c4b3a39d435,2025,3,17,23,2025-09-21 17:00:00+00,14,21,true,2025-08-31 14:31:21.127499+00,2025-08-31 14:31:21.127499+00,401772732,19104,Final,2025-09-21 20:29:23.623+00
313f3fbd-ebc0-4da0-9886-39f12201939f,2025,17,4,26,2025-12-28 21:25:00+00,,,false,2025-10-19 15:55:26.228469+00,2025-10-19 15:55:26.228469+00,401772917,,,2025-10-19 15:55:26.228469+00
3285415c-4639-4818-9d06-04986d7429bd,2025,5,21,7,2025-10-05 17:00:00+00,17,21,true,2025-08-31 14:31:26.447619+00,2025-08-31 14:31:26.447619+00,401772745,19136,Final,2025-10-05 21:40:00.89+00
32874a69-4000-4a9b-87c9-1a2fbef768ea,2025,10,10,19,2025-11-07 01:15:00+00,,,false,2025-10-19 15:55:06.251844+00,2025-10-19 15:55:06.251844+00,401772944,,,2025-10-19 15:55:06.251844+00
32d84de6-10b6-4299-a6a7-557a03d5b4b2,2025,8,17,21,2025-10-24 00:15:00+00,,,false,2025-10-19 15:55:01.49569+00,2025-10-19 15:55:01.49569+00,401772942,,,2025-10-19 15:55:01.49569+00
35e643f5-8f82-4b88-be57-3c2898ae217d,2025,17,28,6,2025-12-29 01:20:00+00,,,false,2025-10-19 15:55:26.352392+00,2025-10-19 15:55:26.352392+00,401772935,,,2025-10-19 15:55:26.352392+00
361ab375-3787-493d-ba84-d4f183645068,2025,12,14,27,2025-11-23 20:20:00+00,,,false,2025-08-31 14:31:41.628311+00,2025-08-31 14:31:41.628311+00,,19222,,2025-09-04 23:52:19.03515+00
362bec6e-94dc-4555-95c4-36d0ab0b1998,2025,4,12,33,2025-09-28 20:25:00+00,37,20,true,2025-08-31 14:31:24.36951+00,2025-08-31 14:31:24.36951+00,401772741,19125,In Progress,2025-09-28 21:52:23.756+00
36631ffd-179d-405e-8d54-2d986844917c,2025,8,1,15,2025-10-26 13:00:00+00,,,false,2025-08-31 14:31:31.85959+00,2025-08-31 14:31:31.85959+00,,19172,,2025-09-04 23:52:19.03515+00
37accb8b-876e-45b0-a862-0c5cc14bc96f,2025,1,11,15,2025-09-07 17:00:00+00,33,8,true,2025-08-31 14:31:16.257397+00,2025-08-31 14:31:16.257397+00,401772719,19057,Final,2025-09-08 01:08:25.492+00
37aed9f4-9f63-4f83-9904-4c55f3be44ca,2025,2,6,19,2025-09-14 17:00:00+00,40,37,true,2025-08-31 14:31:17.98515+00,2025-08-31 14:31:17.98515+00,401772834,19086,Final,2025-09-14 22:38:18.271+00
37d32758-f952-4551-9f0d-f9889262df49,2025,16,6,12,2025-12-20 05:00:00+00,,,false,2025-10-19 15:55:22.102399+00,2025-10-19 15:55:22.102399+00,401772613,,,2025-10-19 15:55:22.102399+00
381b1462-0388-4a42-91ee-9210d5663f20,2025,11,16,3,2025-11-16 13:00:00+00,,,false,2025-08-31 14:31:38.360675+00,2025-08-31 14:31:38.360675+00,,19200,,2025-09-04 23:52:19.03515+00
383aa472-789c-4683-87ba-5219ae886daf,2025,7,26,34,2025-10-21 02:00:00+00,27,19,true,2025-08-31 14:31:31.501016+00,2025-08-31 14:31:31.501016+00,401772826,19170,Final,2025-10-21 07:35:25.668+00
3964f8ae-f0a4-4338-b13a-ccb10c69369c,2025,8,22,8,2025-10-26 17:00:00+00,,,false,2025-10-19 15:55:01.924385+00,2025-10-19 15:55:01.924385+00,401772868,,,2025-10-19 15:55:01.924385+00
39e4e556-94f0-4436-9c64-a073dc5e7edb,2025,18,19,20,2026-01-04 05:00:00+00,,,false,2025-10-19 16:05:08.053828+00,2025-10-19 16:05:08.053828+00,401772959,,,2025-10-19 16:05:08.053828+00
3a4a21e7-18d3-4801-af36-05f7fb86d27b,2025,17,12,27,2025-12-28 18:00:00+00,,,false,2025-10-19 16:05:07.42178+00,2025-10-19 16:05:07.42178+00,401772809,,,2025-10-19 16:05:07.42178+00
3acf4039-d1f5-4e24-8ab9-472debecbd14,2025,9,22,2,2025-11-02 18:00:00+00,,,false,2025-10-19 15:55:04.429636+00,2025-10-19 15:55:04.429636+00,401772763,,,2025-10-19 15:55:04.429636+00
3ad90933-2f0b-45af-833b-9ee559051d16,2025,7,16,21,2025-10-19 17:00:00+00,22,28,true,2025-08-31 14:31:30.409546+00,2025-08-31 14:31:30.409546+00,401772862,19161,Final,2025-10-19 20:09:54.561+00
3b093def-d5df-4250-8e76-d56806531282,2025,12,6,27,2025-11-23 18:00:00+00,,,false,2025-10-19 15:55:11.243364+00,2025-10-19 15:55:11.243364+00,401772780,,,2025-10-19 15:55:11.243364+00
3bceeff1-93c4-4743-8b6d-73ece269f7c1,2025,10,12,26,2025-11-11 01:15:00+00,,,false,2025-10-19 15:55:07.905381+00,2025-10-19 15:55:07.905381+00,401772630,,,2025-10-19 15:55:07.905381+00
3c480e3b-b364-4a95-8b18-27dc7cffb834,2025,8,23,30,2025-10-26 20:05:00+00,,,false,2025-10-19 15:55:02.553375+00,2025-10-19 15:55:02.553375+00,401772869,,,2025-10-19 15:55:02.553375+00
3df98395-9519-40e0-950a-a7446609cb39,2025,8,24,16,2025-10-23 20:15:00+00,37,10,true,2025-08-31 14:31:31.654986+00,2025-08-31 14:31:31.654986+00,,19171,Final,2025-10-24 06:01:02.698+00
3dfbaff3-9ecf-4719-9a80-a4cd8d2ff6d3,2025,9,10,24,2025-11-02 13:00:00+00,,,false,2025-08-31 14:31:34.725629+00,2025-08-31 14:31:34.725629+00,,19077,,2025-09-04 23:52:19.03515+00
3e074b8e-43a9-43df-a147-3b46a1cf44cf,2025,17,2,21,2025-12-28 16:25:00+00,,,false,2025-08-31 14:31:52.226213+00,2025-08-31 14:31:52.226213+00,,19287,,2025-09-04 23:52:19.03515+00
3e18375d-c75d-43fe-91ee-927bf07b7a12,2025,9,27,14,2025-11-02 18:00:00+00,,,false,2025-10-19 15:55:04.70521+00,2025-10-19 15:55:04.70521+00,401772766,,,2025-10-19 15:55:04.70521+00
3fa257a6-b6c9-4d7e-8793-9b8a41139e52,2025,9,17,1,2025-11-02 13:00:00+00,,,false,2025-08-31 14:31:34.3378+00,2025-08-31 14:31:34.3378+00,,19074,,2025-09-04 23:52:19.03515+00
3ff00875-8c29-4fde-8e55-b915bbe7efb6,2025,11,5,33,2025-11-16 16:25:00+00,,,false,2025-08-31 14:31:39.181498+00,2025-08-31 14:31:39.181498+00,,19206,,2025-09-04 23:52:19.03515+00
4034cb82-ffc2-4209-b032-5195d3c1f458,2025,14,30,11,2025-12-07 13:00:00+00,,,false,2025-08-31 14:31:44.69799+00,2025-08-31 14:31:44.69799+00,,19243,,2025-09-04 23:52:19.03515+00
416c9776-5ac6-4dd8-b27b-73cf25cee6e6,2025,5,11,13,2025-10-05 17:00:00+00,40,6,true,2025-08-31 14:31:26.038347+00,2025-08-31 14:31:26.038347+00,401772851,19133,Final,2025-10-05 21:39:59.456+00
41b2a1b0-e9df-4743-bf5a-23f16866a85f,2025,10,17,27,2025-11-10 01:20:00+00,,,false,2025-10-19 15:55:07.774029+00,2025-10-19 15:55:07.774029+00,401772927,,,2025-10-19 15:55:07.774029+00
43102627-cf39-4e8a-8569-53333075de72,2025,6,9,4,2025-10-12 20:25:00+00,27,18,true,2025-08-31 14:31:29.022678+00,2025-08-31 14:31:29.022678+00,401772752,19152,Final,2025-10-14 03:53:20.097+00
44645a1c-40c8-4aca-aa51-8e7d4e4d6170,2025,16,12,14,2025-12-21 18:00:00+00,,,false,2025-10-19 16:05:06.286579+00,2025-10-19 16:05:06.286579+00,401772803,,,2025-10-19 16:05:06.286579+00
447b6fcd-407c-46a7-a727-879e2754c59a,2025,16,34,13,2025-12-21 16:25:00+00,,,false,2025-08-31 14:31:49.760114+00,2025-08-31 14:31:49.760114+00,,19279,,2025-09-04 23:52:19.03515+00
454459e4-04d4-428b-b3d5-7b657280f1b4,2025,18,10,17,2026-01-04 05:00:00+00,,,false,2025-10-19 15:55:27.672653+00,2025-10-19 15:55:27.672653+00,401772956,,,2025-10-19 15:55:27.672653+00
45ac6ae1-3ec4-41c0-8137-0d790d7a4aaa,2025,14,1,26,2025-12-07 13:00:00+00,,,false,2025-08-31 14:31:44.136782+00,2025-08-31 14:31:44.136782+00,,19239,,2025-09-04 23:52:19.03515+00
4619993b-4220-4b2a-9210-6e66ddc74b78,2025,16,10,15,2025-12-21 21:05:00+00,,,false,2025-10-19 15:55:23.257152+00,2025-10-19 15:55:23.257152+00,401772913,,,2025-10-19 15:55:23.257152+00
4689ad39-2ca3-4a02-b268-bd903ddc3582,2025,11,30,24,2025-11-16 13:00:00+00,,,false,2025-08-31 14:31:38.22794+00,2025-08-31 14:31:38.22794+00,,19199,,2025-09-04 23:52:19.03515+00
469ada18-8f62-4f79-8da9-f376948fbade,2025,15,30,2,2025-12-12 01:15:00+00,,,false,2025-10-19 15:55:19.211489+00,2025-10-19 15:55:19.211489+00,401772948,,,2025-10-19 15:55:19.211489+00
46aa0809-6760-4ff9-ba59-3740ce68372a,2025,8,26,24,2025-10-26 17:00:00+00,,,false,2025-10-19 15:55:02.05745+00,2025-10-19 15:55:02.05745+00,401772867,,,2025-10-19 15:55:02.05745+00
4700b142-8e46-4569-b269-b86eaa6cff90,2025,11,8,3,2025-11-16 21:25:00+00,,,false,2025-10-19 15:55:09.99735+00,2025-10-19 15:55:09.99735+00,401772777,,,2025-10-19 15:55:09.99735+00
4741136d-afdc-4f86-bfda-dab993859d14,2025,15,7,9,2025-12-14 16:25:00+00,,,false,2025-08-31 14:31:47.275018+00,2025-08-31 14:31:47.275018+00,,19261,,2025-09-04 23:52:19.03515+00
476521df-a96d-41bb-86d1-c65ab8646c2b,2025,17,14,15,2025-12-28 18:00:00+00,,,false,2025-10-19 15:55:25.876189+00,2025-10-19 15:55:25.876189+00,401772915,,,2025-10-19 15:55:25.876189+00
482e0bbb-0e8b-4256-ae1c-d7575cc39457,2025,5,18,19,2025-10-05 17:00:00+00,26,14,true,2025-08-31 14:31:26.176615+00,2025-08-31 14:31:26.176615+00,401772744,19134,Final,2025-10-05 21:40:00.213+00
487c866b-db61-4550-9943-c3dc662612b4,2025,11,12,9,2025-11-16 18:00:00+00,,,false,2025-10-19 16:05:01.790224+00,2025-10-19 16:05:01.790224+00,401772881,,,2025-10-19 16:05:01.790224+00
491d551a-eebc-4ab4-bd7f-909df7fbd170,2025,17,19,24,2025-12-27 05:00:00+00,,,false,2025-10-19 15:55:25.218008+00,2025-10-19 15:55:25.218008+00,401772950,,,2025-10-19 15:55:25.218008+00
49bb2d76-2d95-4032-95a2-3bd34aa72b94,2025,3,26,18,2025-09-21 20:05:00+00,44,13,true,2025-08-31 14:31:21.833631+00,2025-08-31 14:31:21.833631+00,401772736,19110,In Progress,2025-09-21 20:29:20.159+00
49e26993-e023-4c76-8934-270e0d420751,2025,5,4,8,2025-10-05 20:25:00+00,24,37,true,2025-08-31 14:31:26.824134+00,2025-08-31 14:31:26.824134+00,401772854,19139,In Progress,2025-10-05 22:17:52.339+00
4a0fcc94-3d7a-4430-aa2f-7739bbdedb39,2025,15,30,20,2025-12-14 13:00:00+00,,,false,2025-08-31 14:31:46.562031+00,2025-08-31 14:31:46.562031+00,,19256,,2025-09-04 23:52:19.03515+00
4b5aae12-1fd0-404c-aab5-a99c7a161402,2025,12,13,5,2025-11-23 16:05:00+00,,,false,2025-08-31 14:31:41.185203+00,2025-08-31 14:31:41.185203+00,,19219,,2025-09-04 23:52:19.03515+00
4ba0a034-a77c-4175-82b0-d41fffff7c86,2025,2,4,30,2025-09-14 17:00:00+00,31,27,true,2025-08-31 14:31:17.854467+00,2025-08-31 14:31:17.854467+00,401772725,19085,Final,2025-09-14 22:38:18.052+00
4c798800-262c-4343-8b6b-7a14cb4367a4,2025,13,3,7,2025-11-28 01:20:00+00,,,false,2025-10-19 15:55:13.626643+00,2025-10-19 15:55:13.626643+00,401772930,,,2025-10-19 15:55:13.626643+00
4c8d43df-f3ce-4b47-95f2-5d0a9947a295,2025,16,26,14,2025-12-18 20:15:00+00,,,false,2025-08-31 14:31:48.18518+00,2025-08-31 14:31:48.18518+00,,19268,,2025-09-04 23:52:19.03515+00
4d81d0f3-d8ba-4dad-92e5-01bf74e8fb49,2025,18,1,18,2026-01-04 00:00:00+00,,,false,2025-08-31 14:31:52.63034+00,2025-08-31 14:31:52.63034+00,,19295,,2025-09-04 23:52:19.03515+00
513a6f9a-f0cf-464c-ac4e-feba3fa3bad3,2025,18,24,9,2026-01-04 05:00:00+00,,,false,2025-10-19 15:55:28.257766+00,2025-10-19 15:55:28.257766+00,401772963,,,2025-10-19 15:55:28.257766+00
5328fee7-f45e-4adb-86a2-67d549b8459e,2025,8,17,5,2025-10-26 13:00:00+00,,,false,2025-08-31 14:31:32.545988+00,2025-08-31 14:31:32.545988+00,,19177,,2025-09-04 23:52:19.03515+00
53acad71-c210-4e87-8161-890de387c39c,2025,14,13,7,2025-12-07 16:05:00+00,,,false,2025-08-31 14:31:45.087256+00,2025-08-31 14:31:45.087256+00,,19247,,2025-09-04 23:52:19.03515+00
540d32ff-718f-4e4b-b913-dbc7032447f2,2025,10,21,3,2025-11-09 18:00:00+00,,,false,2025-10-19 15:55:06.751926+00,2025-10-19 15:55:06.751926+00,401772876,,,2025-10-19 15:55:06.751926+00
556935df-deaf-4f58-86e0-8177dc1f485a,2025,18,16,9,2026-01-04 00:00:00+00,,,false,2025-08-31 14:31:53.828513+00,2025-08-31 14:31:53.828513+00,,19302,,2025-09-04 23:52:19.03515+00
56e704f9-19c7-4616-8500-0b3c4e3469ba,2025,15,29,14,2025-12-14 21:25:00+00,,,false,2025-10-19 15:55:21.006749+00,2025-10-19 15:55:21.006749+00,401772799,,,2025-10-19 15:55:21.006749+00
5700d66f-c976-42c5-a11f-c0dff582c2d2,2025,12,18,30,2025-11-24 01:20:00+00,,,false,2025-10-19 15:55:12.572228+00,2025-10-19 15:55:12.572228+00,401772929,,,2025-10-19 15:55:12.572228+00
57b385d1-168c-4569-b9e5-4dea7d75e03a,2025,14,7,12,2025-12-07 18:00:00+00,,,false,2025-10-19 16:05:03.871676+00,2025-10-19 16:05:03.871676+00,401772898,,,2025-10-19 16:05:03.871676+00
57f44793-4e00-49ad-b33f-810e85ef98af,2025,13,11,34,2025-11-30 13:00:00+00,,,false,2025-08-31 14:31:42.698103+00,2025-08-31 14:31:42.698103+00,,19228,,2025-09-04 23:52:19.03515+00
586623c6-1de9-4414-ae03-671f01554103,2025,15,14,8,2025-12-14 16:25:00+00,,,false,2025-08-31 14:31:47.39554+00,2025-08-31 14:31:47.39554+00,,19262,,2025-09-04 23:52:19.03515+00
58f4c65c-8159-48ca-9f73-2199b0d94083,2025,13,20,1,2025-11-30 13:00:00+00,,,false,2025-08-31 14:31:42.96105+00,2025-08-31 14:31:42.96105+00,,19230,,2025-09-04 23:52:19.03515+00
5980ef0a-3606-4639-b5a6-dbadd79e2b68,2025,15,12,24,2025-12-14 13:00:00+00,,,false,2025-08-31 14:31:46.791272+00,2025-08-31 14:31:46.791272+00,,19257,,2025-09-04 23:52:19.03515+00
59c8c08c-ba2f-4fd5-9c65-16a096ea9786,2025,17,11,30,2025-12-28 13:00:00+00,,,false,2025-08-31 14:31:51.637146+00,2025-08-31 14:31:51.637146+00,,19283,,2025-09-04 23:52:19.03515+00
5b538363-34cf-4d98-8606-9dbb2408d55f,2025,13,27,22,2025-11-30 13:00:00+00,,,false,2025-08-31 14:31:43.099502+00,2025-08-31 14:31:43.099502+00,,19231,,2025-09-04 23:52:19.03515+00
5b78b3ad-e1ea-47a9-abb6-56ce1116fabf,2025,15,25,10,2025-12-14 16:25:00+00,,,false,2025-08-31 14:31:47.779481+00,2025-08-31 14:31:47.779481+00,,19265,,2025-09-04 23:52:19.03515+00
5ba7a62d-cc44-49cd-b59d-6ced85b47acb,2025,16,13,19,2025-12-21 21:25:00+00,,,false,2025-10-19 15:55:23.620478+00,2025-10-19 15:55:23.620478+00,401772805,,,2025-10-19 15:55:23.620478+00
5c098ba3-8ec7-465d-9652-7367260da57d,2025,14,20,15,2025-12-07 13:00:00+00,,,false,2025-08-31 14:31:44.819619+00,2025-08-31 14:31:44.819619+00,,19245,,2025-09-04 23:52:19.03515+00
5c681a14-7e24-4b81-b921-32cbf77514da,2025,7,30,14,2025-10-19 13:30:00+00,7,35,true,2025-08-31 14:31:29.726648+00,2025-08-31 14:31:29.726648+00,401772635,19049,Final,2025-10-19 17:03:57.242+00
5c86033a-ac92-4386-90c6-517dd7a23966,2025,15,23,15,2025-12-15 20:15:00+00,,,false,2025-08-31 14:31:48.045707+00,2025-08-31 14:31:48.045707+00,,19267,,2025-09-04 23:52:19.03515+00
5cd0c9e3-9164-491c-88ea-39a182df9bac,2025,15,9,21,2025-12-15 01:20:00+00,,,false,2025-10-19 15:55:21.12147+00,2025-10-19 15:55:21.12147+00,401772933,,,2025-10-19 15:55:21.12147+00
5db669af-8b2a-4bfc-bcc2-423aaae3805a,2025,10,20,4,2025-11-09 18:00:00+00,,,false,2025-10-19 15:55:06.628437+00,2025-10-19 15:55:06.628437+00,401772771,,,2025-10-19 15:55:06.628437+00
5dcf4db0-f08c-41e3-85ab-126d7a9e412b,2025,9,4,16,2025-11-02 21:25:00+00,,,false,2025-10-19 15:55:05.239901+00,2025-10-19 15:55:05.239901+00,401772768,,,2025-10-19 15:55:05.239901+00
5df3e1b0-6a07-4935-aeba-605adf18189d,2025,8,3,6,2025-10-26 17:00:00+00,,,false,2025-10-19 15:55:02.307792+00,2025-10-19 15:55:02.307792+00,401772759,,,2025-10-19 15:55:02.307792+00
5ea75c8e-afb6-4f40-ab1a-de8a2c69a3ce,2025,9,7,6,2025-11-02 18:00:00+00,,,false,2025-10-19 15:55:03.872299+00,2025-10-19 15:55:03.872299+00,401772765,,,2025-10-19 15:55:03.872299+00
5efd4dd9-8fa2-455b-9a55-bc35808ba2af,2025,1,20,23,2025-09-07 17:00:00+00,32,34,true,2025-08-31 14:31:16.793615+00,2025-08-31 14:31:16.793615+00,401772721,19061,Final,2025-09-08 01:08:27.83+00
5fc8836d-78db-4247-a666-66e6fe15141c,2025,16,9,17,2025-12-21 18:00:00+00,,,false,2025-10-19 15:55:22.503561+00,2025-10-19 15:55:22.503561+00,401772910,,,2025-10-19 15:55:22.503561+00
60012571-1e66-47c9-964c-de53cdf29e3a,2025,6,20,7,2025-10-12 13:30:00+00,11,13,true,2025-08-31 14:31:27.472314+00,2025-08-31 14:31:27.472314+00,401772634,19048,Final,2025-10-14 03:53:18.87+00
606667c6-ab9a-401d-92bc-a217f3cc7d23,2025,16,11,25,2025-12-22 20:15:00+00,,,false,2025-08-31 14:31:50.15787+00,2025-08-31 14:31:50.15787+00,,19281,,2025-09-04 23:52:19.03515+00
6195f3a6-c33f-4e32-a90d-a28c2190f8ce,2025,3,16,4,2025-09-21 17:00:00+00,48,10,true,2025-08-31 14:31:20.992867+00,2025-08-31 14:31:20.992867+00,401772731,19103,Final,2025-09-21 20:29:23.045+00
6319690b-866c-4371-a8ba-ffcfdba98a81,2025,12,12,11,2025-11-23 13:00:00+00,,,false,2025-08-31 14:31:40.794533+00,2025-08-31 14:31:40.794533+00,,19216,,2025-09-04 23:52:19.03515+00
63b920a7-1c94-4a74-85fc-6a69510f1f40,2025,15,17,2,2025-12-14 13:00:00+00,,,false,2025-08-31 14:31:47.021364+00,2025-08-31 14:31:47.021364+00,,19258,,2025-09-04 23:52:19.03515+00
6500004f-e3b3-42f6-940a-d49d5fd4eab9,2025,10,14,2,2025-11-09 14:30:00+00,,,false,2025-10-19 15:55:06.39314+00,2025-10-19 15:55:06.39314+00,401772636,,,2025-10-19 15:55:06.39314+00
652d6f82-64cc-4644-ad7e-83f3cba2bcd6,2025,16,11,27,2025-12-21 21:25:00+00,,,false,2025-10-19 15:55:23.49138+00,2025-10-19 15:55:23.49138+00,401772806,,,2025-10-19 15:55:23.49138+00
657d3f61-b93b-4afa-99d9-08b679a34945,2025,14,1,18,2025-12-07 21:25:00+00,,,false,2025-10-19 15:55:18.147462+00,2025-10-19 15:55:18.147462+00,401772901,,,2025-10-19 15:55:18.147462+00
65e24306-e2de-42dc-a5a8-6750140678da,2025,17,25,22,2025-12-28 18:00:00+00,,,false,2025-10-19 15:55:26.105375+00,2025-10-19 15:55:26.105375+00,401772808,,,2025-10-19 15:55:26.105375+00
66067eea-afc0-4a05-9bfa-5e54df630f32,2025,16,5,30,2025-12-21 18:00:00+00,,,false,2025-10-19 15:55:23.004182+00,2025-10-19 15:55:23.004182+00,401772912,,,2025-10-19 15:55:23.004182+00
660faa1e-d1d9-4687-af87-8aabe4b1777d,2025,4,17,29,2025-09-28 17:00:00+00,42,13,true,2025-08-31 14:31:23.479701+00,2025-08-31 14:31:23.479701+00,401772847,19120,Final,2025-09-28 20:41:32.798+00
66a4c83e-7575-4420-a876-033883caeade,2025,10,5,23,2025-11-09 18:00:00+00,,,false,2025-10-19 15:55:07.12851+00,2025-10-19 15:55:07.12851+00,401772877,,,2025-10-19 15:55:07.12851+00
6891e50e-3867-4725-b839-f0c009920dea,2025,14,24,20,2025-12-07 18:00:00+00,,,false,2025-10-19 16:05:04.330552+00,2025-10-19 16:05:04.330552+00,401772899,,,2025-10-19 16:05:04.330552+00
6a124502-874e-4f76-9e5f-a9f370cc811c,2025,1,26,25,2025-09-07 20:05:00+00,13,17,true,2025-08-31 14:31:17.037663+00,2025-08-31 14:31:17.037663+00,401772831,19064,Final,2025-09-08 01:08:30.557+00
6a6d05b4-5d8b-42a2-86b4-27a5d91679d4,2025,13,6,12,2025-11-27 16:30:00+00,,,false,2025-08-31 14:31:42.038036+00,2025-08-31 14:31:42.038036+00,,19051,,2025-09-04 23:52:19.03515+00
6be27bd7-9abf-458f-ad44-ab9f79aa43b8,2025,10,11,1,2025-11-09 09:30:00+00,,,false,2025-08-31 14:31:35.520957+00,2025-08-31 14:31:35.520957+00,,19050,,2025-09-04 23:52:19.03515+00
6c6a4526-6933-4772-ab4a-eed4b26b991d,2025,10,25,8,2025-11-09 18:00:00+00,,,false,2025-10-19 15:55:06.884254+00,2025-10-19 15:55:06.884254+00,401772769,,,2025-10-19 15:55:06.884254+00
6cdd9629-b209-48b0-b9c7-103c7b29e01c,2025,8,4,20,2025-10-26 13:00:00+00,,,false,2025-08-31 14:31:32.284454+00,2025-08-31 14:31:32.284454+00,,19175,,2025-09-04 23:52:19.03515+00
6cde691b-c265-4738-9a2d-b850510bee21,2025,17,13,19,2025-12-27 00:00:00+00,,,false,2025-08-31 14:31:51.328497+00,2025-08-31 14:31:51.328497+00,,19292,,2025-09-04 23:52:19.03515+00
6d5a000a-f5e1-4b38-b5f6-f299b114b49f,2025,10,20,22,2025-11-09 21:25:00+00,,,false,2025-10-19 16:05:00.836148+00,2025-10-19 16:05:00.836148+00,401772878,,,2025-10-19 16:05:00.836148+00
6d786df7-7fd8-497b-a349-3df38cddb8cd,2025,16,1,2,2025-12-21 21:05:00+00,,,false,2025-10-19 15:55:23.373371+00,2025-10-19 15:55:23.373371+00,401772914,,,2025-10-19 15:55:23.373371+00
6e97599b-983d-4fa2-91a4-4ace65071492,2025,16,14,28,2025-12-23 01:15:00+00,,,false,2025-10-19 15:55:23.87785+00,2025-10-19 15:55:23.87785+00,401772824,,,2025-10-19 15:55:23.87785+00
6feace9a-ee68-41a3-942f-e26ade318f60,2025,15,23,5,2025-12-14 21:25:00+00,,,false,2025-10-19 15:55:20.696869+00,2025-10-19 15:55:20.696869+00,401772908,,,2025-10-19 15:55:20.696869+00
706123f9-0284-4595-9e36-6e0c15de6c80,2025,13,30,1,2025-11-30 18:00:00+00,,,false,2025-10-19 15:55:14.873848+00,2025-10-19 15:55:14.873848+00,401772895,,,2025-10-19 15:55:14.873848+00
722cd1c7-8958-4e42-a5b9-53e65e4e26f7,2025,10,27,17,2025-11-09 13:00:00+00,,,false,2025-08-31 14:31:36.799453+00,2025-08-31 14:31:36.799453+00,,19191,,2025-09-04 23:52:19.03515+00
727002c4-3555-4496-98ef-b0b802a702ec,2025,9,13,30,2025-11-02 16:05:00+00,,,false,2025-08-31 14:31:34.978832+00,2025-08-31 14:31:34.978832+00,,19079,,2025-09-04 23:52:19.03515+00
727e1ecc-32dd-49a9-84a6-dbbbb27c9fd4,2025,10,3,19,2025-11-09 13:00:00+00,,,false,2025-08-31 14:31:35.799516+00,2025-08-31 14:31:35.799516+00,,19186,,2025-09-04 23:52:19.03515+00
73d22601-380e-4ff2-ad9d-8db2be520894,2025,2,34,27,2025-09-15 23:00:00+00,19,20,true,2025-08-31 14:31:20.155061+00,2025-08-31 14:31:20.155061+00,401772715,19097,Final,2025-09-16 05:06:13.841+00
75d31f7c-d8ec-4a1b-b910-5c1e9d4d3cde,2025,7,7,19,2025-10-19 20:05:00+00,33,32,true,2025-08-31 14:31:30.818528+00,2025-08-31 14:31:30.818528+00,401772757,19164,Final,2025-10-19 23:45:41.297+00
762ecdc4-5f2d-4314-a012-afb12c9f5cfe,2025,10,29,1,2025-11-09 21:05:00+00,,,false,2025-10-19 15:55:07.371022+00,2025-10-19 15:55:07.371022+00,401772773,,,2025-10-19 15:55:07.371022+00
7641c51d-e0be-45ce-a51a-76460e57e9b6,2025,9,12,16,2025-11-02 18:00:00+00,,,false,2025-10-19 16:04:59.85381+00,2025-10-19 16:04:59.85381+00,401772764,,,2025-10-19 16:04:59.85381+00
7845666e-8225-41f7-a834-462501def2a2,2025,1,2,33,2025-09-08 00:20:00+00,41,40,true,2025-08-31 14:31:17.411068+00,2025-08-31 14:31:17.411068+00,401772918,19067,Final,2025-09-08 18:17:33.407+00
79cad8ea-f7e3-4329-81c1-ab3dc601ec9e,2025,13,22,24,2025-12-02 01:15:00+00,,,false,2025-10-19 15:55:15.980037+00,2025-10-19 15:55:15.980037+00,401772821,,,2025-10-19 15:55:15.980037+00
7a3091e0-ac66-4785-9d2a-0c43958b6c97,2025,9,19,15,2025-11-02 21:05:00+00,,,false,2025-10-19 15:55:04.971734+00,2025-10-19 15:55:04.971734+00,401772873,,,2025-10-19 15:55:04.971734+00
7a3faf30-f941-4932-a4e0-fbe378c72abf,2025,16,23,25,2025-12-21 18:00:00+00,,,false,2025-10-19 15:55:22.754608+00,2025-10-19 15:55:22.754608+00,401772801,,,2025-10-19 15:55:22.754608+00
7af7e529-7418-4da1-a74b-8bbec3f0c19c,2025,7,4,23,2025-10-17 00:15:00+00,33,31,true,2025-08-31 14:31:29.582204+00,2025-08-31 14:31:29.582204+00,401772941,19157,Final,2025-10-19 17:03:59.255+00
7b2d3637-5126-4077-b1a7-232dc5ee2f16,2025,14,30,23,2025-12-07 18:00:00+00,,,false,2025-10-19 15:55:17.509052+00,2025-10-19 15:55:17.509052+00,401772792,,,2025-10-19 15:55:17.509052+00
7b3d72c2-1d9b-4467-9b38-55655996735c,2025,11,4,30,2025-11-16 18:00:00+00,,,false,2025-10-19 15:55:09.00036+00,2025-10-19 15:55:09.00036+00,401772776,,,2025-10-19 15:55:09.00036+00
7c513c14-6fa7-4848-9a3c-9a3b3e708cd0,2025,4,8,5,2025-09-28 17:00:00+00,34,10,true,2025-08-31 14:31:23.084734+00,2025-08-31 14:31:23.084734+00,401772846,19118,Final,2025-09-28 20:41:32.024+00
7cc28466-5f51-46e3-a095-5533a4ba32fa,2025,18,30,10,2026-01-04 00:00:00+00,,,false,2025-08-31 14:31:53.400577+00,2025-08-31 14:31:53.400577+00,,19309,,2025-09-04 23:52:19.03515+00
7e0e9ebc-e603-4b6c-918d-a0962908e5f2,2025,11,26,11,2025-11-17 01:20:00+00,,,false,2025-10-19 15:55:10.27452+00,2025-10-19 15:55:10.27452+00,401772928,,,2025-10-19 15:55:10.27452+00
7e518e6f-1ed9-4930-bb28-65d4e9696417,2025,16,20,7,2025-12-22 01:20:00+00,,,false,2025-10-19 15:55:23.762417+00,2025-10-19 15:55:23.762417+00,401772934,,,2025-10-19 15:55:23.762417+00
7e8fbe98-dfb6-497d-9389-b61be01f80e2,2025,18,22,20,2026-01-04 05:00:00+00,,,false,2025-10-19 15:55:28.141641+00,2025-10-19 15:55:28.141641+00,401772958,,,2025-10-19 15:55:28.141641+00
7f59aad3-b7ef-4a19-9400-732da03daca1,2025,6,33,14,2025-10-12 17:00:00+00,3,17,true,2025-08-31 14:31:27.697597+00,2025-08-31 14:31:27.697597+00,401772855,19144,Final,2025-10-14 03:53:19.842+00
8041c0b8-c354-45b5-aaf8-948c8c455ba0,2025,16,18,20,2025-12-21 13:00:00+00,,,false,2025-08-31 14:31:48.959802+00,2025-08-31 14:31:48.959802+00,,19273,,2025-09-04 23:52:19.03515+00
80711152-226a-49fa-8b97-e4dd48683965,2025,9,13,10,2025-11-02 18:00:00+00,,,false,2025-10-19 15:55:04.839098+00,2025-10-19 15:55:04.839098+00,401772870,,,2025-10-19 15:55:04.839098+00
80e74dcf-834f-494d-bc87-a2a2d7e1ad6f,2025,9,2,12,2025-11-02 16:25:00+00,,,false,2025-08-31 14:31:35.114069+00,2025-08-31 14:31:35.114069+00,,19080,,2025-09-04 23:52:19.03515+00
818fb22a-5d87-4c44-bd47-54432ca2efc7,2025,7,12,13,2025-10-19 17:00:00+00,31,0,true,2025-08-31 14:31:30.287615+00,2025-08-31 14:31:30.287615+00,401772753,19160,Final,2025-10-19 20:05:44.267+00
8259e785-0e1c-4379-a173-154eb05c0da0,2025,5,33,34,2025-10-05 17:00:00+00,10,44,true,2025-08-31 14:31:25.7499+00,2025-08-31 14:31:25.7499+00,401772743,19131,Final,2025-10-05 21:40:01.465+00
826825c4-2bf2-4c5a-b092-7d45a75dea5d,2025,11,24,12,2025-11-16 18:00:00+00,,,false,2025-10-19 15:55:09.370952+00,2025-10-19 15:55:09.370952+00,401772883,,,2025-10-19 15:55:09.370952+00
82d6ef60-9e11-45b9-90ca-4ab6c7c0a778,2025,15,7,3,2025-12-14 18:00:00+00,,,false,2025-10-19 15:55:19.458474+00,2025-10-19 15:55:19.458474+00,401772796,,,2025-10-19 15:55:19.458474+00
84b0b164-6efe-4dbf-a7a8-540ca29af66d,2025,7,8,27,2025-10-20 23:00:00+00,24,9,true,2025-08-31 14:31:31.347975+00,2025-08-31 14:31:31.347975+00,401772816,19169,,2025-10-19 15:10:38.793+00
87247ca0-1eec-456e-a919-e79e96e237f8,2025,18,13,14,2026-01-04 05:00:00+00,,,false,2025-10-19 15:55:29.016392+00,2025-10-19 15:55:29.016392+00,401772962,,,2025-10-19 15:55:29.016392+00
877b8972-00b3-4d2a-9014-99f98268b94e,2025,15,6,8,2025-12-14 18:00:00+00,,,false,2025-10-19 15:55:19.338777+00,2025-10-19 15:55:19.338777+00,401772904,,,2025-10-19 15:55:19.338777+00
87cdd263-40cd-435d-909c-46b6eb25bd0d,2025,15,21,13,2025-12-14 13:00:00+00,,,false,2025-08-31 14:31:47.143649+00,2025-08-31 14:31:47.143649+00,,19260,,2025-09-04 23:52:19.03515+00
88283e11-f449-4303-9e5d-19d95b8d0054,2025,6,30,26,2025-10-12 17:00:00+00,12,20,true,2025-08-31 14:31:28.28771+00,2025-08-31 14:31:28.28771+00,401772857,19147,Final,2025-10-14 03:53:19.709+00
88320030-3c65-46fc-8187-26040b3bfbfc,2025,11,15,17,2025-11-16 18:00:00+00,,,false,2025-10-19 15:55:09.609978+00,2025-10-19 15:55:09.609978+00,401772775,,,2025-10-19 15:55:09.609978+00
88bcfafc-d248-41c6-bd71-c73aae138e74,2025,14,11,9,2025-12-05 01:15:00+00,,,false,2025-10-19 15:55:16.716067+00,2025-10-19 15:55:16.716067+00,401772947,,,2025-10-19 15:55:16.716067+00
88de58c4-c2ff-4e14-8d9a-ab24bd427529,2025,15,6,16,2025-12-14 20:20:00+00,,,false,2025-08-31 14:31:47.911372+00,2025-08-31 14:31:47.911372+00,,19266,,2025-09-04 23:52:19.03515+00
8a5c3297-8ebd-4386-90dc-288029dffcec,2025,10,30,22,2025-11-09 18:00:00+00,,,false,2025-10-19 15:55:06.995899+00,2025-10-19 15:55:06.995899+00,401772772,,,2025-10-19 15:55:06.995899+00
8b7f1ad6-c848-4760-a9c3-7183a157e8f3,2025,3,25,22,2025-09-21 20:25:00+00,16,15,true,2025-08-31 14:31:22.083996+00,2025-08-31 14:31:22.083996+00,401772843,19112,In Progress,2025-09-21 20:29:26.311+00
8b8095ef-48ad-4401-bafe-5c3eb3f8ec8e,2025,16,5,2,2025-12-21 13:00:00+00,,,false,2025-08-31 14:31:48.701378+00,2025-08-31 14:31:48.701378+00,,19271,,2025-09-04 23:52:19.03515+00
8cbe6e7e-3873-46f7-a988-845043a0d7f4,2025,11,19,9,2025-11-18 01:15:00+00,,,false,2025-08-31 14:31:38.512709+00,2025-08-31 14:31:38.512709+00,401772819,19201,,2025-10-19 15:47:40.566+00
8e6c99bf-4a2c-4644-81bf-5c2d29bf5a66,2025,18,19,16,2026-01-04 05:00:00+00,,,false,2025-10-19 15:55:27.789141+00,2025-10-19 15:55:27.789141+00,401772957,,,2025-10-19 15:55:27.789141+00
8f1a8f47-3c55-4f0b-8279-a321b56e5b17,2025,17,21,11,2025-12-25 21:30:00+00,,,false,2025-10-19 15:55:24.715651+00,2025-10-19 15:55:24.715651+00,401772711,,,2025-10-19 15:55:24.715651+00
9004ce15-6e6e-44ea-8e61-3b609fada18d,2025,8,27,12,2025-10-27 00:20:00+00,,,false,2025-10-19 15:55:02.929887+00,2025-10-19 15:55:02.929887+00,401772925,,,2025-10-19 15:55:02.929887+00
90d73347-a80a-4ed1-90b1-ebb8c5b73dab,2025,12,22,30,2025-11-23 16:05:00+00,,,false,2025-08-31 14:31:41.053751+00,2025-08-31 14:31:41.053751+00,,19218,,2025-09-04 23:52:19.03515+00
91039b42-534b-4ea0-9ab7-e7cf34f8e158,2025,17,17,13,2025-12-27 05:00:00+00,,,false,2025-10-19 15:55:25.343666+00,2025-10-19 15:55:25.343666+00,401772951,,,2025-10-19 15:55:25.343666+00
91eac9f1-b9eb-40a5-8262-ad22cfc39c40,2025,13,20,13,2025-12-01 01:20:00+00,,,false,2025-10-19 16:05:03.395529+00,2025-10-19 16:05:03.395529+00,401772931,,,2025-10-19 16:05:03.395529+00
92881b52-b49c-4c31-828d-0506dac2ad30,2025,13,33,4,2025-11-27 20:20:00+00,,,false,2025-08-31 14:31:42.179412+00,2025-08-31 14:31:42.179412+00,,19225,,2025-09-04 23:52:19.03515+00
9331d03f-f461-46c9-9272-98fc84bc9b72,2025,5,30,12,2025-10-07 00:15:00+00,13,26,true,2025-08-31 14:31:27.103807+00,2025-08-31 14:31:27.103807+00,401772814,19142,,2025-09-04 23:52:19.03515+00
935d4dd7-fa37-4070-b47b-0806fee824f9,2025,16,33,17,2025-12-21 13:00:00+00,,,false,2025-08-31 14:31:48.455698+00,2025-08-31 14:31:48.455698+00,,19269,,2025-09-04 23:52:19.03515+00
94c93069-0d74-4bb4-81ee-570a55c863df,2025,3,5,9,2025-09-21 17:00:00+00,13,10,true,2025-08-31 14:31:20.6755+00,2025-08-31 14:31:20.6755+00,401772842,19101,Final,2025-09-21 20:29:20.501+00
954bb12e-3458-44bc-9a78-5082a3552ddb,2025,16,8,23,2025-12-21 16:25:00+00,,,false,2025-08-31 14:31:49.587283+00,2025-08-31 14:31:49.587283+00,,19278,,2025-09-04 23:52:19.03515+00
9567c8a8-294e-4bfc-b5bd-38f4cf072d55,2025,2,8,3,2025-09-14 17:00:00+00,52,21,true,2025-08-31 14:31:18.121089+00,2025-08-31 14:31:18.121089+00,401772835,19087,Final,2025-09-14 22:38:18.62+00
95937cea-ebf7-4369-9d4d-34c9185b25d5,2025,14,2,29,2025-12-07 18:00:00+00,,,false,2025-10-19 15:55:16.839989+00,2025-10-19 15:55:16.839989+00,401772900,,,2025-10-19 15:55:16.839989+00
96022245-0fb1-4ee6-b3f7-924434a93dcf,2025,16,15,4,2025-12-21 20:20:00+00,,,false,2025-08-31 14:31:49.937054+00,2025-08-31 14:31:49.937054+00,,19280,,2025-09-04 23:52:19.03515+00
961f1aed-d6cd-48cf-bc9b-f87affc5b116,2025,15,13,1,2025-12-14 18:00:00+00,,,false,2025-10-19 15:55:20.261033+00,2025-10-19 15:55:20.261033+00,401772903,,,2025-10-19 15:55:20.261033+00
97077e7f-64f1-4771-ac52-cf811394e2ce,2025,2,11,7,2025-09-14 20:05:00+00,29,28,true,2025-08-31 14:31:19.631676+00,2025-08-31 14:31:19.631676+00,401772729,19094,Final,2025-09-15 04:18:32.72+00
97551515-2b7d-471e-bd59-ab580756251b,2025,14,9,3,2025-12-07 13:00:00+00,,,false,2025-08-31 14:31:44.558383+00,2025-08-31 14:31:44.558383+00,,19242,,2025-09-04 23:52:19.03515+00
989edf42-6f84-4144-b05e-5ed7d42bf4e3,2025,18,2,23,2026-01-04 05:00:00+00,,,false,2025-10-19 15:55:27.191647+00,2025-10-19 15:55:27.191647+00,401772966,,,2025-10-19 15:55:27.191647+00
98ce0f64-dee1-4c63-a50c-30a0363e660c,2025,12,7,22,2025-11-23 18:00:00+00,,,false,2025-10-19 15:55:11.362628+00,2025-10-19 15:55:11.362628+00,401772781,,,2025-10-19 15:55:11.362628+00
99aeac52-fd9d-4cc0-af0c-83c19ce07975,2025,16,22,1,2025-12-21 16:05:00+00,,,false,2025-08-31 14:31:49.341435+00,2025-08-31 14:31:49.341435+00,,19276,,2025-09-04 23:52:19.03515+00
9a61556f-eb1e-4998-aa06-e7b700b32ad0,2025,8,11,10,2025-10-26 16:25:00+00,,,false,2025-08-31 14:31:33.288384+00,2025-08-31 14:31:33.288384+00,,19181,,2025-09-04 23:52:19.03515+00
9b0ef659-e5c0-4a8c-8c6c-f640f09d5622,2025,11,14,26,2025-11-16 16:05:00+00,,,false,2025-08-31 14:31:39.037508+00,2025-08-31 14:31:39.037508+00,,19205,,2025-09-04 23:52:19.03515+00
9b51b9c7-8084-40b4-9ea0-cdfe654c165b,2025,14,5,10,2025-12-07 13:00:00+00,,,false,2025-08-31 14:31:44.406855+00,2025-08-31 14:31:44.406855+00,,19241,,2025-09-04 23:52:19.03515+00
9b8d5e5b-3701-4e2b-9bfa-6cf4d3f87580,2025,4,19,24,2025-09-28 17:00:00+00,21,18,true,2025-08-31 14:31:23.701923+00,2025-08-31 14:31:23.701923+00,401772737,19121,Final,2025-09-28 20:41:33.181+00
9c418118-2881-47ab-a832-feeacf31310a,2025,1,30,29,2025-09-07 17:00:00+00,26,10,true,2025-08-31 14:31:16.380329+00,2025-08-31 14:31:16.380329+00,401772828,19058,Final,2025-09-08 01:08:28.564+00
9c69751b-f950-4919-a6eb-ac40369ce7dd,2025,4,14,11,2025-09-28 20:05:00+00,27,20,true,2025-08-31 14:31:24.087031+00,2025-08-31 14:31:24.087031+00,401772849,19123,In Progress,2025-09-28 21:52:23.119+00
9cede12c-76cc-4378-a537-18de3199a74a,2025,18,13,12,2026-01-04 00:00:00+00,,,false,2025-08-31 14:31:53.682276+00,2025-08-31 14:31:53.682276+00,,19300,,2025-09-04 23:52:19.03515+00
9cf55881-395b-4a83-9b11-9dbf5f2440ee,2025,13,5,18,2025-11-30 18:00:00+00,,,false,2025-10-19 15:55:14.989389+00,2025-10-19 15:55:14.989389+00,401772894,,,2025-10-19 15:55:14.989389+00
9d35b27c-7761-4646-a709-7b20d85b00f3,2025,7,5,15,2025-10-19 17:00:00+00,31,6,true,2025-08-31 14:31:30.173664+00,2025-08-31 14:31:30.173664+00,401772754,19159,Final,2025-10-19 20:05:43.353+00
9d5b89fe-3423-447c-8c93-bebf52aa6779,2025,17,15,27,2025-12-28 13:00:00+00,,,false,2025-08-31 14:31:51.769592+00,2025-08-31 14:31:51.769592+00,,19284,,2025-09-04 23:52:19.03515+00
9db361fc-5e1f-4aa2-80bd-f89e18ed03cc,2025,15,10,12,2025-12-14 21:25:00+00,,,false,2025-10-19 15:55:20.402651+00,2025-10-19 15:55:20.402651+00,401772800,,,2025-10-19 15:55:20.402651+00
9f4baa58-1b0c-480f-ae4f-0ac7d7decea3,2025,18,6,11,2026-01-04 05:00:00+00,,,false,2025-10-19 15:55:27.434898+00,2025-10-19 15:55:27.434898+00,401772965,,,2025-10-19 15:55:27.434898+00
a0de4015-174b-46f2-9285-ed956710a479,2025,13,24,13,2025-11-30 16:25:00+00,,,false,2025-08-31 14:31:43.499924+00,2025-08-31 14:31:43.499924+00,,19234,,2025-09-04 23:52:19.03515+00
a1a0434f-5790-437a-ad44-8ce12689445d,2025,12,3,25,2025-11-23 18:00:00+00,,,false,2025-10-19 15:55:11.962302+00,2025-10-19 15:55:11.962302+00,401772782,,,2025-10-19 15:55:11.962302+00
a1c4f6e8-4719-44c7-b190-31b1a3f30d60,2025,9,19,25,2025-11-02 13:00:00+00,,,false,2025-08-31 14:31:34.468405+00,2025-08-31 14:31:34.468405+00,,19075,,2025-09-04 23:52:19.03515+00
a28b6d40-13c9-4a65-a021-85e11e694c5f,2025,11,2,27,2025-11-16 13:00:00+00,,,false,2025-08-31 14:31:38.072115+00,2025-08-31 14:31:38.072115+00,,19198,,2025-09-04 23:52:19.03515+00
a2a2ff3d-fcce-4b2f-9501-8ec60eabeddb,2025,9,8,16,2025-11-02 13:00:00+00,,,false,2025-08-31 14:31:33.902116+00,2025-08-31 14:31:33.902116+00,,19071,,2025-09-04 23:52:19.03515+00
a3bd0885-d374-4d47-a1bf-081cc1e4fdf3,2025,5,2,17,2025-10-06 00:20:00+00,20,23,true,2025-08-31 14:31:26.966973+00,2025-08-31 14:31:26.966973+00,401772922,19141,,2025-09-04 23:52:19.03515+00
a3c1b99c-0b66-494e-9fbd-e99de0d0c439,2025,18,27,29,2026-01-04 00:00:00+00,,,false,2025-08-31 14:31:54.518626+00,2025-08-31 14:31:54.518626+00,,19308,,2025-09-04 23:52:19.03515+00
a43f332f-9cc2-4f96-940f-ba931bb5655e,2025,13,10,30,2025-11-30 13:00:00+00,,,false,2025-08-31 14:31:43.233294+00,2025-08-31 14:31:43.233294+00,,19232,,2025-09-04 23:52:19.03515+00
a484d423-084f-4336-a807-ce893436a1e6,2025,18,3,8,2026-01-04 00:00:00+00,,,false,2025-08-31 14:31:52.884394+00,2025-08-31 14:31:52.884394+00,,19297,,2025-09-04 23:52:19.03515+00
a4d644a1-eb38-422c-bf9e-d98a0e02d7fa,2025,8,29,2,2025-10-26 13:00:00+00,,,false,2025-08-31 14:31:32.135777+00,2025-08-31 14:31:32.135777+00,,19174,,2025-09-04 23:52:19.03515+00
a5d386b9-34c2-4722-9dd9-61cfeb2691aa,2025,7,22,9,2025-10-19 20:25:00+00,23,27,true,2025-08-31 14:31:31.061844+00,2025-08-31 14:31:31.061844+00,401772863,19166,Final,2025-10-19 23:45:42.682+00
a5ed9e3b-2fb0-42cb-8bc5-599385781015,2025,13,14,13,2025-11-30 18:00:00+00,,,false,2025-10-19 15:55:14.473094+00,2025-10-19 15:55:14.473094+00,401772787,,,2025-10-19 15:55:14.473094+00
a5f7651e-e7a0-40c9-8e1d-978807ce3ae5,2025,1,21,6,2025-09-05 00:20:00+00,24,20,true,2025-08-31 14:31:15.44249+00,2025-08-31 14:31:15.44249+00,401772510,19039,Final,2025-09-08 01:08:32.113+00
a836946e-1af0-4cfe-8683-b0ed1093fb06,2025,12,9,26,2025-11-23 21:25:00+00,,,false,2025-10-19 15:55:12.328322+00,2025-10-19 15:55:12.328322+00,401772890,,,2025-10-19 15:55:12.328322+00
a87a4336-06c4-41cb-9b79-6eb347cb578e,2025,18,7,24,2026-01-04 00:00:00+00,,,false,2025-08-31 14:31:53.144203+00,2025-08-31 14:31:53.144203+00,,19299,,2025-09-04 23:52:19.03515+00
ab01ce54-9db7-4af0-9863-c074ccd4267e,2025,6,1,2,2025-10-13 23:15:00+00,24,14,true,2025-08-31 14:31:29.449706+00,2025-08-31 14:31:29.449706+00,401772815,19155,Final,2025-10-14 03:53:17.558+00
acf0a027-16fd-4e30-b485-3fce84a1e106,2025,18,34,11,2026-01-04 00:00:00+00,,,false,2025-08-31 14:31:53.268849+00,2025-08-31 14:31:53.268849+00,,19310,,2025-09-04 23:52:19.03515+00
aee5f07d-4996-47a5-b6c8-69605b64cf41,2025,10,15,2,2025-11-09 13:00:00+00,,,false,2025-08-31 14:31:36.118877+00,2025-08-31 14:31:36.118877+00,,19188,,2025-09-04 23:52:19.03515+00
aeeac7f6-7b9a-456b-8456-54aafdcb198b,2025,10,29,18,2025-11-09 21:25:00+00,,,false,2025-08-31 14:31:35.660251+00,2025-08-31 14:31:35.660251+00,401772879,19185,,2025-10-19 15:47:40.219+00
af1188cc-0666-4e05-a481-f9c51612f5ae,2025,6,23,5,2025-10-12 17:00:00+00,23,9,true,2025-08-31 14:31:28.597461+00,2025-08-31 14:31:28.597461+00,401772748,19149,Final,2025-10-14 03:53:19.449+00
af4b85ad-091a-4fa4-8267-f40f5af8ac2e,2025,12,25,29,2025-11-24 20:15:00+00,,,false,2025-08-31 14:31:41.764516+00,2025-08-31 14:31:41.764516+00,,19223,,2025-09-04 23:52:19.03515+00
af53c644-8f2b-49d3-a0b3-22517abcc1ec,2025,9,20,3,2025-10-31 00:15:00+00,,,false,2025-10-19 15:55:03.737702+00,2025-10-19 15:55:03.737702+00,401772943,,,2025-10-19 15:55:03.737702+00
afd5be98-5062-413d-9450-05fc7fd92255,2025,15,3,5,2025-12-14 13:00:00+00,,,false,2025-08-31 14:31:45.909931+00,2025-08-31 14:31:45.909931+00,,19253,,2025-09-04 23:52:19.03515+00
b52d495d-ce9f-4c8e-b210-e5ef02a25276,2025,3,27,20,2025-09-21 17:00:00+00,29,27,true,2025-08-31 14:31:21.427606+00,2025-08-31 14:31:21.427606+00,401772840,19106,Final,2025-09-21 20:29:17.985+00
b809e6d6-0e12-4c6d-9f35-1b2c6bb91bcf,2025,11,21,6,2025-11-16 18:00:00+00,,,false,2025-10-19 15:55:09.239481+00,2025-10-19 15:55:09.239481+00,401772880,,,2025-10-19 15:55:09.239481+00
b8710f82-1285-4320-bfe8-4ad4c78fc434,2025,15,26,19,2025-12-14 18:00:00+00,,,false,2025-10-19 15:55:19.988489+00,2025-10-19 15:55:19.988489+00,401772906,,,2025-10-19 15:55:19.988489+00
b8f1e560-ba09-48fd-8d04-771aee56ef0d,2025,12,18,1,2025-11-23 16:25:00+00,,,false,2025-08-31 14:31:41.476003+00,2025-08-31 14:31:41.476003+00,,19221,,2025-09-04 23:52:19.03515+00
b960581f-029f-4bc2-80f9-3a073a5e8550,2025,18,30,5,2026-01-04 05:00:00+00,,,false,2025-10-19 15:55:28.762013+00,2025-10-19 15:55:28.762013+00,401772969,,,2025-10-19 15:55:28.762013+00
b9ec73b1-70d2-4e41-b29c-279f74ddddcf,2025,14,8,6,2025-12-04 20:15:00+00,,,false,2025-08-31 14:31:44.001287+00,2025-08-31 14:31:44.001287+00,,19238,,2025-09-04 23:52:19.03515+00
ba8c885d-93f7-44fc-a031-51174810db76,2025,1,3,16,2025-09-09 00:15:00+00,24,27,true,2025-08-31 14:31:17.588127+00,2025-08-31 14:31:17.588127+00,401772810,19068,Final,2025-09-09 07:33:14.418+00
baacab01-2740-4c00-af3f-a359f082a512,2025,8,10,12,2025-10-26 20:25:00+00,,,false,2025-10-19 16:04:58.835596+00,2025-10-19 16:04:58.835596+00,401772761,,,2025-10-19 16:04:58.835596+00
bb80b20b-521a-4931-8191-b16a554fb680,2025,12,33,20,2025-11-23 13:00:00+00,,,false,2025-08-31 14:31:39.902506+00,2025-08-31 14:31:39.902506+00,,19211,,2025-09-04 23:52:19.03515+00
bcc621b4-25b7-4953-ba73-ae99164c2945,2025,10,34,30,2025-11-09 13:00:00+00,,,false,2025-08-31 14:31:35.929582+00,2025-08-31 14:31:35.929582+00,,19187,,2025-09-04 23:52:19.03515+00
bd2d4794-a4a7-40f3-bd1b-538bb3110de4,2025,4,2,18,2025-09-28 17:00:00+00,31,19,true,2025-08-31 14:31:22.847454+00,2025-08-31 14:31:22.847454+00,401772740,19117,Final,2025-09-28 20:41:31.455+00
bd565081-f2a8-4876-b781-33156032d79a,2025,4,6,9,2025-09-29 00:20:00+00,40,40,true,2025-08-31 14:31:24.833362+00,2025-08-31 14:31:24.833362+00,401772921,19127,,2025-09-04 23:52:19.03515+00
bdb5bb23-2d87-4739-a25a-864103a32fa9,2025,14,17,26,2025-12-09 01:15:00+00,,,false,2025-10-19 15:55:18.399941+00,2025-10-19 15:55:18.399941+00,401772822,,,2025-10-19 15:55:18.399941+00
bdedeb1e-7193-4cca-a1d9-a80e1e8eaa46,2025,11,2,20,2025-11-16 14:30:00+00,,,false,2025-10-19 16:05:01.31077+00,2025-10-19 16:05:01.31077+00,401772631,,,2025-10-19 16:05:01.31077+00
bee47945-db7a-43f8-b0f4-fd5d61807d26,2025,7,24,11,2025-10-19 20:05:00+00,24,38,true,2025-08-31 14:31:30.932203+00,2025-08-31 14:31:30.932203+00,401772756,19165,Final,2025-10-19 23:45:41.636+00
bf114a32-613d-48c2-9bb9-024aac09ec76,2025,7,6,28,2025-10-19 20:25:00+00,44,22,true,2025-10-19 16:13:39.242991+00,2025-10-19 16:13:39.242991+00,401772864,,Final,2025-10-19 23:45:41.97+00
c019e390-5c6a-41e6-af3e-be6e5eab47aa,2025,18,25,26,2026-01-04 00:00:00+00,,,false,2025-08-31 14:31:54.378009+00,2025-08-31 14:31:54.378009+00,,19307,,2025-09-04 23:52:19.03515+00
c02599c9-57ac-4936-b87d-4b1c8b916fbd,2025,13,26,16,2025-11-30 16:05:00+00,,,false,2025-08-31 14:31:43.373882+00,2025-08-31 14:31:43.373882+00,,19233,,2025-09-04 23:52:19.03515+00
c050ace6-91e2-460f-90b2-71f32974abcb,2025,9,15,33,2025-10-30 20:15:00+00,,,false,2025-08-31 14:31:33.598484+00,2025-08-31 14:31:33.598484+00,,19069,,2025-09-04 23:52:19.03515+00
c0678f21-0e17-4d81-9944-f981bb90764e,2025,11,21,8,2025-11-16 20:20:00+00,,,false,2025-08-31 14:31:39.443238+00,2025-08-31 14:31:39.443238+00,,19208,,2025-09-04 23:52:19.03515+00
c1434d57-1ce4-46b6-ac53-8efd6ea8caa5,2025,13,12,11,2025-11-30 18:00:00+00,,,false,2025-10-19 16:05:02.933142+00,2025-10-19 16:05:02.933142+00,401772786,,,2025-10-19 16:05:02.933142+00
c15ef051-c2cd-463b-a0b5-02b4323319d9,2025,7,10,17,2025-10-19 17:00:00+00,13,31,true,2025-08-31 14:31:30.678608+00,2025-08-31 14:31:30.678608+00,401772755,19163,,2025-10-19 15:10:38.387+00
c2139f4b-5517-45d7-a8d6-3a2e24d2bce2,2025,9,18,23,2025-11-02 21:05:00+00,,,false,2025-10-19 15:55:05.095078+00,2025-10-19 15:55:05.095078+00,401772874,,,2025-10-19 15:55:05.095078+00
c34a0d91-243c-4936-b2fc-e21e6c9cd9f0,2025,15,15,25,2025-12-14 18:00:00+00,,,false,2025-10-19 15:55:20.109991+00,2025-10-19 15:55:20.109991+00,401772797,,,2025-10-19 15:55:20.109991+00
c3535c6a-ced5-4bd7-a43c-1be4b6842784,2025,18,7,8,2026-01-04 05:00:00+00,,,false,2025-10-19 15:55:27.555138+00,2025-10-19 15:55:27.555138+00,401772964,,,2025-10-19 15:55:27.555138+00
c3922d44-d8c0-4c06-a5fa-d14e537b8f60,2025,18,2,20,2026-01-04 00:00:00+00,,,false,2025-08-31 14:31:52.760833+00,2025-08-31 14:31:52.760833+00,,19296,,2025-09-04 23:52:19.03515+00
c39d2596-f934-443a-834e-0a2d8b9e566f,2025,15,16,17,2025-12-14 18:00:00+00,,,false,2025-10-19 15:55:19.579395+00,2025-10-19 15:55:19.579395+00,401772798,,,2025-10-19 15:55:19.579395+00
c44738e8-c11c-4de1-8bd4-3f1bdbf02c5d,2025,9,6,22,2025-11-03 20:15:00+00,,,false,2025-08-31 14:31:35.245462+00,2025-08-31 14:31:35.245462+00,,19082,,2025-09-04 23:52:19.03515+00
c4f9a3e3-65ae-4768-9724-dafca209be59,2025,1,5,4,2025-09-07 17:00:00+00,16,17,true,2025-08-31 14:31:16.04297+00,2025-08-31 14:31:16.04297+00,401772829,19056,Final,2025-09-08 01:08:23.925+00
c5117c29-2fcb-40d2-8e8b-84610607c42e,2025,6,15,24,2025-10-12 17:00:00+00,27,29,true,2025-08-31 14:31:28.46322+00,2025-08-31 14:31:28.46322+00,401772750,19148,Final,2025-10-14 03:53:19.161+00
c52b08d4-7d7d-40e4-b4db-428892bddd64,2025,4,25,30,2025-09-28 20:05:00+00,21,26,true,2025-08-31 14:31:24.222526+00,2025-08-31 14:31:24.222526+00,401772848,19124,End of Period,2025-09-28 21:52:23.572+00
c54c0d1a-bc73-4d51-a6af-a1b5dbff2522,2025,12,34,2,2025-11-20 20:15:00+00,,,false,2025-08-31 14:31:39.750501+00,2025-08-31 14:31:39.750501+00,,19210,,2025-09-04 23:52:19.03515+00
c6e5332d-9a2a-41bf-aeee-6e39ffd4bc51,2025,11,22,25,2025-11-14 01:15:00+00,,,false,2025-08-31 14:31:38.908282+00,2025-08-31 14:31:38.908282+00,401772945,19204,,2025-10-19 15:47:40.932+00
c7a1a05a-1878-486a-a387-fb3686b1f4f3,2025,12,12,21,2025-11-23 18:00:00+00,,,false,2025-10-19 15:55:11.597138+00,2025-10-19 15:55:11.597138+00,401772887,,,2025-10-19 15:55:11.597138+00
c7b9894f-b374-412a-8b85-a128ddc09d44,2025,3,3,6,2025-09-21 20:25:00+00,31,14,true,2025-08-31 14:31:21.964792+00,2025-08-31 14:31:21.964792+00,401772844,19111,In Progress,2025-09-21 20:29:26.091+00
c7dfbca5-bc1f-44af-a3af-37416396d533,2025,9,12,5,2025-11-02 18:00:00+00,,,false,2025-10-19 15:55:04.148093+00,2025-10-19 15:55:04.148093+00,401772872,,,2025-10-19 15:55:04.148093+00
c8885ce2-1ac9-4acf-b228-6faaf03da558,2025,13,5,25,2025-11-30 13:00:00+00,,,false,2025-08-31 14:31:42.56813+00,2025-08-31 14:31:42.56813+00,,19227,,2025-09-04 23:52:19.03515+00
c90c174a-20a0-46a3-8ef0-ac3fad46a816,2025,3,33,8,2025-09-23 00:15:00+00,30,38,true,2025-08-31 14:31:22.365505+00,2025-08-31 14:31:22.365505+00,401772812,19114,,2025-09-04 23:52:19.03515+00
c9687ce2-56ae-4d20-bc4a-51fdad540c7b,2025,6,27,25,2025-10-12 20:25:00+00,30,19,true,2025-08-31 14:31:28.763785+00,2025-08-31 14:31:28.763785+00,401772749,19150,Final,2025-10-14 03:53:20.244+00
c9799e9f-3086-4452-91e2-80a34f8bbad4,2025,16,24,21,2025-12-21 18:00:00+00,,,false,2025-10-19 15:55:22.890385+00,2025-10-19 15:55:22.890385+00,401772911,,,2025-10-19 15:55:22.890385+00
ca221c71-c7f1-427e-97f6-c77ec2d4ee16,2025,3,21,14,2025-09-21 17:00:00+00,33,26,true,2025-08-31 14:31:21.280196+00,2025-08-31 14:31:21.280196+00,401772839,19105,Final,2025-09-21 20:29:24.109+00
cb5c3aa6-01a2-41bc-9180-d56958c7f02d,2025,4,22,26,2025-09-26 00:15:00+00,20,23,true,2025-08-31 14:31:22.517871+00,2025-08-31 14:31:22.517871+00,401772938,19115,Final,2025-09-28 19:28:57.286+00
cbb59627-d48e-4492-bf6c-74921965fae7,2025,16,20,19,2025-12-20 05:00:00+00,,,false,2025-10-19 16:05:05.808422+00,2025-10-19 16:05:05.808422+00,401772612,,,2025-10-19 16:05:05.808422+00
cbb74ec4-4340-499f-8af2-976de33a30a7,2025,15,18,20,2025-12-14 18:00:00+00,,,false,2025-10-19 16:05:04.810868+00,2025-10-19 16:05:04.810868+00,401772905,,,2025-10-19 16:05:04.810868+00
cc017f0d-65d8-49c1-8067-f5884f05c32d,2025,12,9,16,2025-11-23 13:00:00+00,,,false,2025-08-31 14:31:40.603528+00,2025-08-31 14:31:40.603528+00,,19215,,2025-09-04 23:52:19.03515+00
cc8043d2-9983-4ce4-943f-99ff7f968fdf,2025,1,18,22,2025-09-07 17:00:00+00,13,20,true,2025-08-31 14:31:16.677533+00,2025-08-31 14:31:16.677533+00,401772718,19060,Final,2025-09-08 01:08:26.894+00
ccc04e66-b0b2-46ff-a60d-e7b3477200f9,2025,5,24,28,2025-10-05 20:25:00+00,10,17,true,2025-10-05 15:48:43.177804+00,2025-10-05 15:48:43.177804+00,401772853,,In Progress,2025-10-05 22:17:52.54+00
ccf01ac1-a02b-49c8-ba9c-56d610d2d59e,2025,2,18,25,2025-09-14 17:00:00+00,21,26,true,2025-08-31 14:31:18.488123+00,2025-08-31 14:31:18.488123+00,401772833,19089,Final,2025-09-14 22:38:19.613+00
cd3cf962-ccfb-455e-9f59-5272375fc8a8,2025,17,1,14,2025-12-29 20:15:00+00,,,false,2025-08-31 14:31:52.510081+00,2025-08-31 14:31:52.510081+00,,19289,,2025-09-04 23:52:19.03515+00
cdbf3891-cdbd-4584-970e-a78ca05b6e9a,2025,14,22,14,2025-12-07 16:25:00+00,,,false,2025-08-31 14:31:45.233786+00,2025-08-31 14:31:45.233786+00,,19248,,2025-09-04 23:52:19.03515+00
cde32346-f1e9-4f2a-bd41-ff77b2eb9a25,2025,9,34,7,2025-11-02 13:00:00+00,,,false,2025-08-31 14:31:34.191277+00,2025-08-31 14:31:34.191277+00,,19073,,2025-09-04 23:52:19.03515+00
ce639206-c972-4847-adea-1a1375bd30c0,2025,4,34,10,2025-09-28 17:00:00+00,26,0,true,2025-08-31 14:31:23.327079+00,2025-08-31 14:31:23.327079+00,401772738,19119,Final,2025-09-28 20:41:34.036+00
ce6882ab-a0b8-4a48-ad3a-f921f2074de6,2025,15,4,33,2025-12-14 13:00:00+00,,,false,2025-08-31 14:31:46.16119+00,2025-08-31 14:31:46.16119+00,,19254,,2025-09-04 23:52:19.03515+00
cec1ffc9-b8d4-4fae-b1c1-a5f84da236a3,2025,1,9,8,2025-09-07 20:25:00+00,27,13,true,2025-08-31 14:31:17.154412+00,2025-08-31 14:31:17.154412+00,401772722,19065,Final,2025-09-08 01:08:31.182+00
cf185905-9686-4aaf-8247-21aa6032b07d,2025,18,4,5,2026-01-04 00:00:00+00,,,false,2025-08-31 14:31:53.015271+00,2025-08-31 14:31:53.015271+00,,19298,,2025-09-04 23:52:19.03515+00
cf1d8360-2f82-4cae-993c-7a0f0fee81af,2025,5,29,15,2025-10-05 17:00:00+00,27,24,true,2025-08-31 14:31:25.890067+00,2025-08-31 14:31:25.890067+00,401772852,19132,Final,2025-10-05 21:40:01.175+00
cf9e4973-fe21-40ca-aca7-4ae5c7187159,2025,11,27,7,2025-11-16 18:00:00+00,,,false,2025-10-19 15:55:09.482429+00,2025-10-19 15:55:09.482429+00,401772774,,,2025-10-19 15:55:09.482429+00
cfe2f25d-2d24-4564-8817-f5a88a427f20,2025,14,12,34,2025-12-07 20:20:00+00,,,false,2025-08-31 14:31:45.516104+00,2025-08-31 14:31:45.516104+00,,19250,,2025-09-04 23:52:19.03515+00
d01984fb-810c-49b3-bdce-dec266882123,2025,8,7,25,2025-10-26 17:00:00+00,,,false,2025-10-19 15:55:01.770278+00,2025-10-19 15:55:01.770278+00,401772758,,,2025-10-19 15:55:01.770278+00
d0a93d8f-eeb8-4832-a809-ba6878d80821,2025,3,29,1,2025-09-21 17:00:00+00,30,0,true,2025-08-31 14:31:20.556981+00,2025-08-31 14:31:20.556981+00,401772838,19100,Final,2025-09-21 20:29:24.79+00
d0b4e5b3-37b3-4526-b2f7-685a329d9447,2025,13,9,16,2025-11-27 21:30:00+00,,,false,2025-10-19 15:55:13.513457+00,2025-10-19 15:55:13.513457+00,401772694,,,2025-10-19 15:55:13.513457+00
d0b8fa12-3cc2-4995-ba74-bcd15c9fe76a,2025,8,34,25,2025-10-26 13:00:00+00,,,false,2025-08-31 14:31:32.422825+00,2025-08-31 14:31:32.422825+00,,19176,,2025-09-04 23:52:19.03515+00
d0bbb2e8-eacb-4cfd-be48-974b4bfa8ec2,2025,4,1,28,2025-09-28 17:00:00+00,34,27,true,2025-10-19 16:23:55.091388+00,2025-10-19 16:23:55.091388+00,401772739,,,2025-10-19 16:23:55.091388+00
d1af7bb3-4986-4ce3-aa2c-034abaed2b79,2025,16,6,24,2025-12-21 13:00:00+00,,,false,2025-08-31 14:31:48.833934+00,2025-08-31 14:31:48.833934+00,,19272,,2025-09-04 23:52:19.03515+00
d23175fb-47ee-42cd-863a-81304bd0c9ec,2025,13,29,14,2025-11-30 13:00:00+00,,,false,2025-08-31 14:31:42.445447+00,2025-08-31 14:31:42.445447+00,,19226,,2025-09-04 23:52:19.03515+00
d390de2a-29d9-48d2-b146-7371cd5300ac,2025,17,20,17,2025-12-25 18:00:00+00,,,false,2025-08-31 14:31:51.920559+00,2025-08-31 14:31:51.920559+00,401772710,19285,,2025-09-04 23:52:19.03515+00
d3d47440-bbf8-4c23-bb5c-3e812f903224,2025,8,2,20,2025-10-26 17:00:00+00,,,false,2025-10-19 15:55:01.630293+00,2025-10-19 15:55:01.630293+00,401772760,,,2025-10-19 15:55:01.630293+00
d4f2ede2-5dcb-43e4-8143-308f799a0005,2025,3,30,34,2025-09-21 17:00:00+00,17,10,true,2025-08-31 14:31:20.848639+00,2025-08-31 14:31:20.848639+00,401772734,19102,Final,2025-09-21 20:29:25.653+00
d511540d-dce5-477f-a543-0583fe4126b9,2025,18,14,22,2026-01-04 00:00:00+00,,,false,2025-08-31 14:31:53.539631+00,2025-08-31 14:31:53.539631+00,,19301,,2025-09-04 23:52:19.03515+00
d65c2aa5-564a-4523-88ca-c65d291b70e5,2025,10,24,23,2025-11-09 20:20:00+00,,,false,2025-08-31 14:31:37.468207+00,2025-08-31 14:31:37.468207+00,,19195,,2025-09-04 23:52:19.03515+00
d785e835-d859-4adc-95b7-4a70f95b0ac7,2025,2,13,24,2025-09-16 02:00:00+00,9,20,true,2025-08-31 14:31:20.288933+00,2025-08-31 14:31:20.288933+00,401772811,19098,Final,2025-09-16 05:06:12.368+00
d7e86a12-e582-4517-b90d-1d620b91efd1,2025,5,20,6,2025-10-05 17:00:00+00,22,37,true,2025-08-31 14:31:26.321825+00,2025-08-31 14:31:26.321825+00,401772850,19135,Final,2025-10-05 21:40:00.596+00
d968daf7-5e05-46f7-bd6f-7eef043b33cf,2025,12,28,5,2025-11-25 01:15:00+00,,,false,2025-10-19 15:55:12.687288+00,2025-10-19 15:55:12.687288+00,401772820,,,2025-10-19 15:55:12.687288+00
da0c9204-5346-4593-842e-80b61a60112e,2025,2,22,29,2025-09-14 20:05:00+00,27,22,true,2025-08-31 14:31:19.393936+00,2025-08-31 14:31:19.393936+00,401772730,19093,Final,2025-09-15 04:18:33.041+00
dafc222a-d15f-43b5-8d36-00698ab912b2,2025,15,34,22,2025-12-14 13:00:00+00,,,false,2025-08-31 14:31:46.362378+00,2025-08-31 14:31:46.362378+00,,19255,,2025-09-04 23:52:19.03515+00
db537c77-98ee-494c-9224-76811c8f7cf0,2025,1,7,10,2025-09-07 20:05:00+00,20,12,true,2025-08-31 14:31:16.905291+00,2025-08-31 14:31:16.905291+00,401772832,19063,Final,2025-09-08 01:08:28.847+00
db658212-331f-4812-93f2-0a7911c7a33e,2025,11,1,29,2025-11-16 21:05:00+00,,,false,2025-08-31 14:31:37.919792+00,2025-08-31 14:31:37.919792+00,401772885,19197,,2025-10-19 15:47:40.498+00
dba878db-803e-4b2e-89a6-15a48b9bd87a,2025,17,8,27,2025-12-28 18:00:00+00,,,false,2025-10-19 15:55:25.638273+00,2025-10-19 15:55:25.638273+00,401772807,,,2025-10-19 15:55:25.638273+00
dc972831-303a-4133-9b17-d41498330b8e,2025,14,2,4,2025-12-07 16:25:00+00,,,false,2025-08-31 14:31:45.375302+00,2025-08-31 14:31:45.375302+00,,19249,,2025-09-04 23:52:19.03515+00
dd4440f1-053d-440d-9f9a-44e376d0fd8a,2025,5,26,27,2025-10-05 20:05:00+00,35,38,true,2025-08-31 14:31:26.707189+00,2025-08-31 14:31:26.707189+00,401772746,19138,In Progress,2025-10-05 22:17:52.14+00
ddcb8d84-3bfd-42a2-af7f-7f2fb69f5b07,2025,14,27,18,2025-12-07 13:00:00+00,,,false,2025-08-31 14:31:44.941137+00,2025-08-31 14:31:44.941137+00,,19246,,2025-09-04 23:52:19.03515+00
df6e67f0-cbcc-400c-bfc0-7243348ceaeb,2025,17,16,8,2025-12-25 16:30:00+00,,,false,2025-08-31 14:31:50.350795+00,2025-08-31 14:31:50.350795+00,,19053,,2025-09-04 23:52:19.03515+00
dfc992db-2106-4d26-85d6-e6f92f208df2,2025,17,16,10,2025-12-26 01:15:00+00,,,false,2025-10-19 15:55:24.826839+00,2025-10-19 15:55:24.826839+00,401772622,,,2025-10-19 15:55:24.826839+00
dff49c09-f544-4a16-8718-9d1d64c32eb9,2025,4,15,20,2025-09-29 23:15:00+00,27,21,true,2025-08-31 14:31:24.954062+00,2025-08-31 14:31:24.954062+00,401772813,19128,,2025-09-04 23:52:19.03515+00
e131a725-3122-490e-aaef-ead599517a51,2025,16,10,12,2025-12-21 13:00:00+00,,,false,2025-08-31 14:31:49.214991+00,2025-08-31 14:31:49.214991+00,,19275,,2025-09-04 23:52:19.03515+00
e22fcc8e-5879-4a5b-a754-1285a7048945,2025,2,20,2,2025-09-14 17:00:00+00,10,30,true,2025-08-31 14:31:18.681742+00,2025-08-31 14:31:18.681742+00,401772727,19090,Final,2025-09-14 22:38:19.886+00
e2a476ca-c752-40cc-a23b-5f7471731b51,2025,2,9,28,2025-09-12 00:15:00+00,27,18,true,2025-09-09 15:51:54.007728+00,2025-09-09 15:51:54.007728+00,401772936,,Final,2025-09-13 21:28:33.064+00
e35c60bd-75a7-4a92-a030-75653cf83dd5,2025,7,25,1,2025-10-20 00:20:00+00,20,10,true,2025-08-31 14:31:31.209567+00,2025-08-31 14:31:31.209567+00,401772924,19168,Final,2025-10-20 03:28:10.267+00
e388cebc-d234-443b-9485-6ac29ce87d4a,2025,6,19,21,2025-10-10 00:15:00+00,34,17,true,2025-08-31 14:31:27.27674+00,2025-08-31 14:31:27.27674+00,401772940,19143,Final,2025-10-14 03:53:18.712+00
e649c7f8-4673-43a0-ac3c-c0fbcf233c94,2025,16,7,30,2025-12-21 16:05:00+00,,,false,2025-08-31 14:31:49.460101+00,2025-08-31 14:31:49.460101+00,,19277,,2025-09-04 23:52:19.03515+00
e67fecef-d57e-457e-aabe-2f84eb16501e,2025,6,11,22,2025-10-12 17:00:00+00,31,27,true,2025-08-31 14:31:28.088644+00,2025-08-31 14:31:28.088644+00,401772856,19146,Final,2025-10-14 03:53:19.013+00
e80cd81a-ac2f-4fe1-b7cd-557d162f4979,2025,13,21,3,2025-11-28 15:00:00+00,,,false,2025-08-31 14:31:42.308678+00,2025-08-31 14:31:42.308678+00,,19042,,2025-09-04 23:52:19.03515+00
e8874814-2d08-4f27-9428-04d9ea107aa6,2025,8,33,3,2025-10-26 13:00:00+00,,,false,2025-08-31 14:31:31.998841+00,2025-08-31 14:31:31.998841+00,,19173,,2025-09-04 23:52:19.03515+00
e88e3a0c-c645-4c8e-a9bf-b4a46672143e,2025,1,28,19,2025-09-07 17:00:00+00,21,6,true,2025-09-01 04:41:35.889638+00,2025-09-01 04:41:35.889638+00,401772827,,Final,2025-09-08 01:08:28.125+00
e8eb09db-dc73-4467-8bff-b03533aa6f98,2025,8,13,28,2025-10-26 17:00:00+00,,,false,2025-10-19 15:55:02.42988+00,2025-10-19 15:55:02.42988+00,401772866,,,2025-10-19 15:55:02.42988+00
e9d5ef7e-1b69-4f6e-bec3-af68fb498821,2025,14,3,27,2025-12-07 18:00:00+00,,,false,2025-10-19 15:55:17.760823+00,2025-10-19 15:55:17.760823+00,401772791,,,2025-10-19 15:55:17.760823+00
ea4bdb34-27ad-4935-bb44-4f386285c641,2025,5,22,10,2025-10-05 20:05:00+00,21,22,true,2025-08-31 14:31:26.583319+00,2025-08-31 14:31:26.583319+00,401772747,19137,In Progress,2025-10-05 21:39:58.011+00
ea73d819-376a-4781-9864-067481309d23,2025,13,15,18,2025-11-30 13:00:00+00,,,false,2025-08-31 14:31:42.818442+00,2025-08-31 14:31:42.818442+00,,19229,,2025-09-04 23:52:19.03515+00
ea7f6b96-a08d-4bb8-81a2-a96b4435c0f7,2025,18,28,29,2026-01-04 05:00:00+00,,,false,2025-10-19 15:55:28.634821+00,2025-10-19 15:55:28.634821+00,401772961,,,2025-10-19 15:55:28.634821+00
ea9949ce-eda0-4cf4-abbd-92c5a584b21e,2025,13,17,19,2025-11-30 21:25:00+00,,,false,2025-08-31 14:31:43.844722+00,2025-08-31 14:31:43.844722+00,401772788,19237,,2025-10-19 15:47:41.501+00
eac33dd0-92f8-492c-8719-4b340a501510,2025,6,28,3,2025-10-14 00:15:00+00,24,25,true,2025-10-13 16:40:50.468057+00,2025-10-13 16:40:50.468057+00,401772717,,Final,2025-10-14 03:53:18.006+00
eb0fe1c5-a32b-4036-b3d3-4e5a0c67322e,2025,12,6,21,2025-11-23 16:25:00+00,,,false,2025-08-31 14:31:41.348045+00,2025-08-31 14:31:41.348045+00,,19220,,2025-09-04 23:52:19.03515+00
eb169428-b2df-4b4d-92d2-aa5c908cf875,2025,9,14,18,2025-11-02 16:05:00+00,,,false,2025-08-31 14:31:34.850956+00,2025-08-31 14:31:34.850956+00,,19078,,2025-09-04 23:52:19.03515+00
ebbd0609-d2f7-445e-a079-3c46e548fc15,2025,2,12,21,2025-09-14 20:25:00+00,17,20,true,2025-08-31 14:31:19.868323+00,2025-08-31 14:31:19.868323+00,401772837,19095,Final,2025-09-15 04:18:33.626+00
ec13862b-5725-4fde-9713-87245bc2adea,2025,12,19,8,2025-11-23 21:05:00+00,,,false,2025-10-19 15:55:12.082648+00,2025-10-19 15:55:12.082648+00,401772784,,,2025-10-19 15:55:12.082648+00
ecc35043-28f2-4bc6-91c4-2cc56aabcd40,2025,6,13,10,2025-10-12 20:05:00+00,20,10,true,2025-08-31 14:31:28.8959+00,2025-08-31 14:31:28.8959+00,401772859,19151,Final,2025-10-14 03:53:19.97+00
ecebd115-63ed-426f-a226-dee3cc20edab,2025,10,20,5,2025-11-09 13:00:00+00,,,false,2025-08-31 14:31:36.606415+00,2025-08-31 14:31:36.606415+00,,19190,,2025-09-04 23:52:19.03515+00
edfda663-1f39-4fb7-acfe-3ee175743d09,2025,8,18,27,2025-10-26 16:05:00+00,,,false,2025-08-31 14:31:33.023973+00,2025-08-31 14:31:33.023973+00,,19179,,2025-09-04 23:52:19.03515+00
ee2f4690-8b93-4998-9970-5d3333f89417,2025,4,23,16,2025-09-28 13:30:00+00,24,21,true,2025-08-31 14:31:22.680085+00,2025-08-31 14:31:22.680085+00,401772632,19047,Final,2025-09-28 19:28:56.997+00
ee9f67f2-296b-46b9-9462-e25f150c416d,2025,18,4,25,2026-01-04 05:00:00+00,,,false,2025-10-19 15:55:27.300554+00,2025-10-19 15:55:27.300554+00,401772967,,,2025-10-19 15:55:27.300554+00
eebbd8a8-f516-4d3f-b054-c51adc61ce49,2025,9,9,1,2025-11-04 01:15:00+00,,,false,2025-10-19 15:55:05.516697+00,2025-10-19 15:55:05.516697+00,401772818,,,2025-10-19 15:55:05.516697+00
eee2638e-beff-40e4-922c-55e24174ec86,2025,1,24,12,2025-09-06 00:00:00+00,27,21,true,2025-08-31 14:31:15.728107+00,2025-08-31 14:31:15.728107+00,401772714,19054,Final,2025-09-08 01:08:32.752+00
ef1fa410-44a3-48d8-9b2d-55db8d98a47c,2025,12,1,15,2025-11-23 21:05:00+00,,,false,2025-10-19 15:55:12.215153+00,2025-10-19 15:55:12.215153+00,401772783,,,2025-10-19 15:55:12.215153+00
ef2edabd-2fed-4832-b5dc-128609999a81,2025,16,3,9,2025-12-20 00:00:00+00,,,false,2025-08-31 14:31:48.321312+00,2025-08-31 14:31:48.321312+00,,19041,,2025-09-04 23:52:19.03515+00
ef4ebfd1-610c-4436-8548-5f9859615ea9,2025,18,19,6,2026-01-04 00:00:00+00,,,false,2025-08-31 14:31:54.106562+00,2025-08-31 14:31:54.106562+00,,19304,,2025-09-04 23:52:19.03515+00
efbd4d0b-5fbd-4024-9c77-6bd034ddaafd,2025,12,11,24,2025-11-23 18:00:00+00,,,false,2025-10-19 15:55:11.481001+00,2025-10-19 15:55:11.481001+00,401772888,,,2025-10-19 15:55:11.481001+00
effceb06-8acc-4c6f-81a8-9d0c3ff82a12,2025,12,16,14,2025-11-23 18:00:00+00,,,false,2025-10-19 15:55:11.839732+00,2025-10-19 15:55:11.839732+00,401772779,,,2025-10-19 15:55:11.839732+00
f04a2542-dd4b-4080-a36c-127c670ad53e,2025,17,9,33,2025-12-27 00:00:00+00,,,false,2025-08-31 14:31:51.083285+00,2025-08-31 14:31:51.083285+00,,19291,,2025-09-04 23:52:19.03515+00
f3d1983b-bda9-4c9c-bd04-ee2807d5c715,2025,9,24,28,2025-11-02 18:00:00+00,,,false,2025-10-19 15:55:04.573282+00,2025-10-19 15:55:04.573282+00,401772767,,,2025-10-19 15:55:04.573282+00
f42cffa5-2625-4e51-85c3-d89ba05c06a9,2025,17,12,7,2025-12-25 20:15:00+00,,,false,2025-08-31 14:31:50.578961+00,2025-08-31 14:31:50.578961+00,,19043,,2025-09-04 23:52:19.03515+00
f488963e-dd89-4f4b-bf31-6ba9de44bcb6,2025,17,29,26,2025-12-27 00:00:00+00,,,false,2025-08-31 14:31:50.817323+00,2025-08-31 14:31:50.817323+00,,19294,,2025-09-04 23:52:19.03515+00
f4ac6e76-58c8-43d9-844d-cffc18165494,2025,13,11,12,2025-11-27 18:00:00+00,,,false,2025-10-19 15:55:13.391451+00,2025-10-19 15:55:13.391451+00,401772891,,,2025-10-19 15:55:13.391451+00
f553d53f-266e-4853-bc8b-cca873e52a6a,2025,13,29,21,2025-11-30 21:05:00+00,,,false,2025-10-19 15:55:15.102053+00,2025-10-19 15:55:15.102053+00,401772896,,,2025-10-19 15:55:15.102053+00
f60cffae-b2b2-480c-8181-50a701f73a90,2025,10,13,15,2025-11-09 18:00:00+00,,,false,2025-10-19 15:55:07.24718+00,2025-10-19 15:55:07.24718+00,401772770,,,2025-10-19 15:55:07.24718+00
f6fb5c74-9254-4857-92a1-29ac5d0e2e7b,2025,1,1,27,2025-09-07 17:00:00+00,20,23,true,2025-08-31 14:31:15.916695+00,2025-08-31 14:31:15.916695+00,401772830,19055,Final,2025-09-08 01:08:23.491+00
f7c16b0d-047c-4904-8fe6-a8aaa5711170,2025,3,24,7,2025-09-21 20:05:00+00,23,20,true,2025-08-31 14:31:21.700369+00,2025-08-31 14:31:21.700369+00,401772735,19109,In Progress,2025-09-21 20:29:19.813+00
f7d80adf-b5cb-4fa7-a8ce-d5d906027068,2025,13,20,23,2025-11-30 18:00:00+00,,,false,2025-10-19 15:55:14.616873+00,2025-10-19 15:55:14.616873+00,401772892,,,2025-10-19 15:55:14.616873+00
f95d6c21-7afb-499b-84c4-3fdd82c7b552,2025,1,14,34,2025-09-07 20:25:00+00,14,9,true,2025-08-31 14:31:17.282342+00,2025-08-31 14:31:17.282342+00,401772723,19066,Final,2025-09-08 01:08:31.642+00
f98c7508-8457-4bae-8e3c-74a53cd0698a,2025,8,7,6,2025-10-26 16:25:00+00,,,false,2025-08-31 14:31:33.149659+00,2025-08-31 14:31:33.149659+00,,19180,,2025-09-04 23:52:19.03515+00
fb1c7498-d537-4be5-a929-b8611aba7ec2,2025,15,27,20,2025-12-16 01:15:00+00,,,false,2025-10-19 15:55:21.249303+00,2025-10-19 15:55:21.249303+00,401772823,,,2025-10-19 15:55:21.249303+00
fbb6880b-b83f-4ec8-9c66-07a58e6cc4b7,2025,13,8,9,2025-11-27 13:00:00+00,,,false,2025-08-31 14:31:41.885277+00,2025-08-31 14:31:41.885277+00,,19224,,2025-09-04 23:52:19.03515+00
fd96f326-f306-45f9-af27-431350cc746f,2025,8,21,19,2025-10-26 13:00:00+00,,,false,2025-08-31 14:31:32.859685+00,2025-08-31 14:31:32.859685+00,,19178,,2025-09-04 23:52:19.03515+00
fdcab07d-3d29-447c-8246-9a81f0dd4287,2025,14,12,6,2025-12-07 18:00:00+00,,,false,2025-10-19 15:55:17.103846+00,2025-10-19 15:55:17.103846+00,401772897,,,2025-10-19 15:55:17.103846+00
fe45f3d5-0078-4671-993d-6e874efdfc2b,2025,17,2,18,2025-12-30 01:15:00+00,,,false,2025-10-19 15:55:26.487492+00,2025-10-19 15:55:26.487492+00,401772825,,,2025-10-19 15:55:26.487492+00
feed3b9c-1552-41f1-bbe3-d0e7b6d2907d,2025,3,10,11,2025-09-21 17:00:00+00,20,41,true,2025-08-31 14:31:21.560412+00,2025-08-31 14:31:21.560412+00,401772733,19107,Final,2025-09-21 20:29:21.949+00
ffe53102-7dd1-4b8e-a767-4a20e20fb61b,2025,8,10,9,2025-10-26 20:25:00+00,,,false,2025-10-19 15:55:02.682141+00,2025-10-19 15:55:02.682141+00,401772762,,,2025-10-19 15:55:02.682141+00